CREATE DATABASE  IF NOT EXISTS `lte_failure_system` /*!40100 DEFAULT CHARACTER SET utf8 */;
USE `lte_failure_system`;
-- MySQL dump 10.13  Distrib 5.7.12, for Win64 (x86_64)
--
-- Host: 127.0.0.1    Database: lte_failure_system
-- ------------------------------------------------------
-- Server version	5.7.15-log

/*!40101 SET @OLD_CHARACTER_SET_CLIENT=@@CHARACTER_SET_CLIENT */;
/*!40101 SET @OLD_CHARACTER_SET_RESULTS=@@CHARACTER_SET_RESULTS */;
/*!40101 SET @OLD_COLLATION_CONNECTION=@@COLLATION_CONNECTION */;
/*!40101 SET NAMES utf8 */;
/*!40103 SET @OLD_TIME_ZONE=@@TIME_ZONE */;
/*!40103 SET TIME_ZONE='+00:00' */;
/*!40014 SET @OLD_UNIQUE_CHECKS=@@UNIQUE_CHECKS, UNIQUE_CHECKS=0 */;
/*!40014 SET @OLD_FOREIGN_KEY_CHECKS=@@FOREIGN_KEY_CHECKS, FOREIGN_KEY_CHECKS=0 */;
/*!40101 SET @OLD_SQL_MODE=@@SQL_MODE, SQL_MODE='NO_AUTO_VALUE_ON_ZERO' */;
/*!40111 SET @OLD_SQL_NOTES=@@SQL_NOTES, SQL_NOTES=0 */;

--
-- Table structure for table `event_causes`
--

DROP TABLE IF EXISTS `event_causes`;
/*!40101 SET @saved_cs_client     = @@character_set_client */;
/*!40101 SET character_set_client = utf8 */;
CREATE TABLE `event_causes` (
  `cause_code` int(11) NOT NULL,
  `event_id` int(11) NOT NULL,
  `description` varchar(255) NOT NULL,
  PRIMARY KEY (`cause_code`,`event_id`)
) ENGINE=InnoDB DEFAULT CHARSET=utf8;
/*!40101 SET character_set_client = @saved_cs_client */;

--
-- Dumping data for table `event_causes`
--

LOCK TABLES `event_causes` WRITE;
/*!40000 ALTER TABLE `event_causes` DISABLE KEYS */;
INSERT INTO `event_causes` VALUES (0,4097,'RRC CONN SETUP-SUCCESS'),(0,4098,'S1 SIG CONN SETUP-SUCCESS'),(0,4106,'INITIAL CTXT SETUP-SUCCESS'),(0,4125,'UE CTXT RELEASE-UNSPECIFIED'),(1,4097,'RRC CONN SETUP-UNSPECIFIED'),(1,4098,'S1 SIG CONN SETUP-S1 INTERFACE DOWN'),(1,4106,'INITIAL CTXT SETUP-UNSPECIFIED'),(1,4125,'UE CTXT RELEASE-NORMAL RELEASE'),(2,4097,'RRC CONN SETUP-FAILURE IN RADIO PROCEDURE'),(2,4098,'S1 SIG CONN SETUP-TIME OUT'),(2,4106,'INITIAL CTXT SETUP-FAILURE IN RADIO PROCEDURE'),(2,4125,'UE CTXT RELEASE-AUTHENTICATION FAILURE'),(3,4097,'RRC CONN SETUP-EUTRAN GENERATED REASON'),(3,4098,'S1 SIG CONN SETUP-DSP RESTART'),(3,4106,'INITIAL CTXT SETUP-EUTRAN GENERATED REASON'),(3,4125,'UE CTXT RELEASE-DETACH'),(4,4097,'RRC CONN SETUP-CELL UNAVAILABLE'),(4,4106,'INITIAL CTXT SETUP-CELL UNAVAILABLE'),(4,4125,'UE CTXT RELEASE-LOAD BALANCING TAU REQUIRED'),(5,4097,'RRC CONN SETUP-LACK OF RESOURCES'),(5,4106,'INITIAL CTXT SETUP-LACK OF RESOURCES'),(5,4125,'UE CTXT RELEASE-CS FALLBACK TRIGGERED'),(6,4097,'RRC CONN SETUP-ACTIVE USER LICENSE EXCEEDED'),(6,4106,'INITIAL CTXT SETUP-ACTIVE USER LICENSE EXCEEDED'),(6,4125,'UE CTXT RELEASE-UE NOT AVAILABLE FOR PS SERVICES'),(7,4097,'RRC CONN SETUP-UNKNOWN ENBS1APID'),(7,4106,'INITIAL CTXT SETUP-UNKNOWN ENBS1APID'),(7,4125,'UE CTXT RELEASE-HANDOVER CANCELLED'),(8,4097,'RRC CONN SETUP-UE CAPABILITY ENQUIRY TIMEOUT'),(8,4106,'INITIAL CTXT SETUP-UE CAPABILITY ENQUIRY TIMEOUT'),(8,4125,'UE CTXT RELEASE-SUCCESSFUL HANDOVER'),(9,4097,'RRC CONN SETUP-S1 INTERFACE DOWN'),(9,4106,'INITIAL CTXT SETUP-MULTIPLE ERAB LICENSE EXCEEDED'),(9,4125,'UE CTXT RELEASE-RELEASE DUE TO EUTRAN GENERATED REASON'),(10,4097,'RRC CONN SETUP-INTRA LTE HANDOVER LICENSE REJECT'),(10,4106,'INITIAL CTXT SETUP-ONGOING HANDOVER'),(10,4125,'UE CTXT RELEASE-USER INACTIVITY'),(11,4097,'RRC CONN SETUP-REJECT DUE TO REATTEMPT'),(11,4106,'INITIAL CTXT SETUP-TRANSPORT REJECT'),(11,4125,'UE CTXT RELEASE-RADIO CONNECTION WITH UE LOST'),(12,4097,'RRC CONN SETUP-REJECT DUE TO OVERLOAD'),(12,4106,'INITIAL CTXT SETUP-DRB SETUP REJECT'),(12,4125,'UE CTXT RELEASE-RADIO RESOURCES NOT AVAILABLE'),(13,4097,'RRC CONN SETUP-UE BEARERS REJECTED DUE TO ARP ADM REJ'),(13,4106,'INITIAL CTXT SETUP-S1 INTERFACE DOWN'),(13,4125,'UE CTXT RELEASE-FAILURE IN THE RADIO INTERFACE PROCEDURE'),(14,4097,'RRC CONN SETUP-UE BEARERS REJECTED DUE TO LICENSES MISSING'),(14,4106,'INITIAL CTXT SETUP-ALLOCATION RETENTION REJECT'),(14,4125,'UE CTXT RELEASE-TRANSPORT RESOURCES UNAVAILABLE'),(15,4097,'RRC CONN SETUP-UE BEARERS REJECTED DUE TO ARP ADM REJ AND LICENSES MISSING'),(15,4106,'INITIAL CTXT SETUP-TO SECURITY SETUP'),(15,4125,'UE CTXT RELEASE-HANDOVER TRIGGERED'),(16,4097,'RRC CONN SETUP-DSP RESTART'),(16,4106,'INITIAL CTXT SETUP-FAILED SECURITY SETUP'),(16,4125,'UE CTXT RELEASE-PARTIAL HANDOVER'),(17,4106,'INITIAL CTXT SETUP-SRB2 SETUP FAILURE'),(17,4125,'UE CTXT RELEASE-HANDOVER FAILURE IN TARGET EPC ENB OR TARGET SYSTEM'),(18,4106,'INITIAL CTXT SETUP-RLCUM LICENSE MISSING'),(18,4125,'UE CTXT RELEASE-HANDOVER TARGET NOT ALLOWED'),(19,4106,'INITIAL CTXT SETUP-RLCUM CHANGE REJECT'),(19,4125,'UE CTXT RELEASE-TS1RELOC OVERALL EXPIRY'),(20,4106,'INITIAL CTXT SETUP-LSM EMERGENCY CALL LICENSE MISSING'),(20,4125,'UE CTXT RELEASE-TS1RELOC PREP EXPIRY'),(21,4106,'INITIAL CTXT SETUP-CIPHERING INTEGRITY ALG MISMATCH'),(21,4125,'UE CTXT RELEASE-UNKNOWN TARGET ID'),(22,4106,'INITIAL CTXT SETUP-CSFB LICENSE MISSING'),(22,4125,'UE CTXT RELEASE-NO RADIO RESOURCES AVAILABLE IN TARGET CELL'),(23,4106,'INITIAL CTXT SETUP-DSP RESTART'),(23,4125,'UE CTXT RELEASE-UNKNOWN OR ALREADY ALLOCATED MME UE S1AP ID'),(24,4106,'INITIAL CTXT SETUP-CSFB UNDEFINED MOB FREQ REL'),(24,4125,'UE CTXT RELEASE-UNKNOWN OR ALREADY ALLOCATED ENB UE S1AP ID'),(25,4125,'UE CTXT RELEASE-UNKNOWN OR INCONSISTENT PAIR OF UE S1AP ID'),(26,4125,'UE CTXT RELEASE-HANDOVER DESIRABLE FOR RADIO REASONS'),(27,4125,'UE CTXT RELEASE-TIME CRITICAL HANDOVER'),(28,4125,'UE CTXT RELEASE-RESOURCE OPTIMISATION HANDOVER'),(29,4125,'UE CTXT RELEASE-REDUCE LOAD IN SERVING CELL'),(30,4125,'UE CTXT RELEASE-TX2RELOC OVERALL EXPIRY'),(31,4125,'UE CTXT RELEASE-CELL NOT AVAILABLE'),(32,4125,'UE CTXT RELEASE-REDIRECTION TOWARDS 1XRTT'),(33,4125,'UE CTXT RELEASE-ENCRYPTION AND OR INTEGRITY ALGORITHMS NOT SUPPORTED');
/*!40000 ALTER TABLE `event_causes` ENABLE KEYS */;
UNLOCK TABLES;

--
-- Table structure for table `failure_classes`
--

DROP TABLE IF EXISTS `failure_classes`;
/*!40101 SET @saved_cs_client     = @@character_set_client */;
/*!40101 SET character_set_client = utf8 */;
CREATE TABLE `failure_classes` (
  `failure_class` int(11) NOT NULL,
  `description` varchar(45) NOT NULL,
  PRIMARY KEY (`failure_class`)
) ENGINE=InnoDB DEFAULT CHARSET=utf8;
/*!40101 SET character_set_client = @saved_cs_client */;

--
-- Dumping data for table `failure_classes`
--

LOCK TABLES `failure_classes` WRITE;
/*!40000 ALTER TABLE `failure_classes` DISABLE KEYS */;
INSERT INTO `failure_classes` VALUES (0,'EMERGENCY'),(1,'HIGH PRIORITY ACCESS'),(2,'MT ACCESS'),(3,'MO SIGNALLING'),(4,'MO DATA');
/*!40000 ALTER TABLE `failure_classes` ENABLE KEYS */;
UNLOCK TABLES;

--
-- Table structure for table `failure_events`
--

DROP TABLE IF EXISTS `failure_events`;
/*!40101 SET @saved_cs_client     = @@character_set_client */;
/*!40101 SET character_set_client = utf8 */;
CREATE TABLE `failure_events` (
  `id` int(11) NOT NULL AUTO_INCREMENT,
  `datetime` datetime NOT NULL,
  `event_id` int(11) NOT NULL,
  `failure_class` int(11) NOT NULL,
  `ue_type` int(11) NOT NULL,
  `market` int(11) NOT NULL,
  `operator` int(11) NOT NULL,
  `cell_id` int(11) NOT NULL,
  `duration` int(11) NOT NULL,
  `cause_code` int(11) NOT NULL,
  `ne_version` varchar(20) NOT NULL,
  `imsi` bigint(20) NOT NULL,
  PRIMARY KEY (`id`),
  KEY `failure_class_fk_idx` (`failure_class`),
  KEY `event_cause_fk_idx` (`cause_code`,`event_id`),
  KEY `mcc_mnc_fk_idx` (`market`,`operator`),
  KEY `ue_types_fk_idx` (`ue_type`),
  CONSTRAINT `event_cause_fk` FOREIGN KEY (`cause_code`, `event_id`) REFERENCES `event_causes` (`cause_code`, `event_id`) ON DELETE NO ACTION ON UPDATE NO ACTION,
  CONSTRAINT `failure_class_fk` FOREIGN KEY (`failure_class`) REFERENCES `failure_classes` (`failure_class`) ON DELETE NO ACTION ON UPDATE NO ACTION,
  CONSTRAINT `mcc_mnc_fk` FOREIGN KEY (`market`, `operator`) REFERENCES `mcc_mnc` (`mcc`, `mnc`) ON DELETE NO ACTION ON UPDATE NO ACTION,
  CONSTRAINT `ue_types_fk` FOREIGN KEY (`ue_type`) REFERENCES `ue_types` (`tac`) ON DELETE NO ACTION ON UPDATE NO ACTION
) ENGINE=InnoDB AUTO_INCREMENT=3201 DEFAULT CHARSET=utf8;
/*!40101 SET character_set_client = @saved_cs_client */;

--
-- Dumping data for table `failure_events`
--

LOCK TABLES `failure_events` WRITE;
/*!40000 ALTER TABLE `failure_events` DISABLE KEYS */;
INSERT INTO `failure_events` VALUES (2401,'2013-01-11 17:15:00',4098,1,21060800,344,930,4,1000,0,'11B',344930000000011),(2402,'2013-01-11 17:15:00',4097,1,21060800,344,930,4,1000,13,'11B',344930000000011),(2403,'2013-01-11 17:15:00',4106,1,21060800,344,930,4,1000,11,'11B',344930000000011),(2404,'2013-01-11 17:15:00',4125,0,21060800,344,930,4,1000,23,'11B',344930000000011),(2405,'2013-01-11 17:16:00',4098,1,33000153,310,560,4,1000,0,'11B',310560000000012),(2406,'2013-01-11 17:16:00',4097,1,33000153,310,560,4,1000,12,'11B',310560000000012),(2407,'2013-01-11 17:16:00',4106,1,33000153,310,560,4,1000,11,'11B',310560000000012),(2408,'2013-01-11 17:16:00',4125,0,33000153,310,560,4,1000,23,'11B',310560000000012),(2409,'2013-01-11 17:17:00',4098,1,33000253,240,21,4,1000,0,'11B',240210000000013),(2410,'2013-01-11 17:17:00',4097,1,33000253,240,21,4,1000,9,'11B',240210000000013),(2411,'2013-01-11 17:17:00',4106,1,33000253,240,21,4,1000,11,'11B',240210000000013),(2412,'2013-01-11 17:17:00',4125,0,33000253,240,21,4,1000,23,'11B',240210000000013),(2413,'2013-01-11 17:18:00',4098,1,21060800,344,930,4,1000,0,'11B',344930000000011),(2414,'2013-01-11 17:18:00',4097,1,21060800,344,930,4,1000,12,'11B',344930000000011),(2415,'2013-01-11 17:18:00',4106,1,21060800,344,930,4,1000,11,'11B',344930000000011),(2416,'2013-01-11 17:18:00',4125,0,21060800,344,930,4,1000,23,'11B',344930000000011),(2417,'2013-01-11 17:19:00',4098,1,33000153,310,560,4,1000,0,'11B',310560000000012),(2418,'2013-01-11 17:19:00',4097,1,33000153,310,560,4,1000,12,'11B',310560000000012),(2419,'2013-01-11 17:19:00',4106,1,33000153,310,560,4,1000,11,'11B',310560000000012),(2420,'2013-01-11 17:19:00',4125,0,33000153,310,560,4,1000,23,'11B',310560000000012),(2421,'2013-01-11 17:15:00',4098,1,33000253,240,21,4,1000,0,'11B',240210000000013),(2422,'2013-01-11 17:15:00',4097,1,33000253,240,21,4,1000,12,'11B',240210000000013),(2423,'2013-01-11 17:15:00',4106,1,33000253,240,21,4,1000,11,'11B',240210000000013),(2424,'2013-01-11 17:15:00',4125,0,33000253,240,21,4,1000,23,'11B',240210000000013),(2425,'2013-01-11 17:16:00',4098,1,21060800,344,930,4,1000,0,'11B',344930000000011),(2426,'2013-01-11 17:16:00',4097,1,21060800,344,930,4,1000,9,'11B',344930000000011),(2427,'2013-01-11 17:16:00',4106,1,21060800,344,930,4,1000,11,'11B',344930000000011),(2428,'2013-01-11 17:16:00',4125,0,21060800,344,930,4,1000,23,'11B',344930000000011),(2429,'2013-01-11 17:17:00',4098,1,33000153,310,560,4,1000,0,'11B',310560000000012),(2430,'2013-01-11 17:17:00',4097,1,33000153,310,560,4,1000,13,'11B',310560000000012),(2431,'2013-01-11 17:17:00',4106,1,33000153,310,560,4,1000,11,'11B',310560000000012),(2432,'2013-01-11 17:17:00',4125,0,33000153,310,560,4,1000,23,'11B',310560000000012),(2433,'2013-01-11 17:18:00',4098,1,33000253,240,21,4,1000,0,'11B',240210000000013),(2434,'2013-01-11 17:18:00',4097,1,33000253,240,21,4,1000,12,'11B',240210000000013),(2435,'2013-01-11 17:18:00',4106,1,33000253,240,21,4,1000,11,'11B',240210000000013),(2436,'2013-01-11 17:18:00',4125,0,33000253,240,21,4,1000,23,'11B',240210000000013),(2437,'2013-01-11 17:19:00',4098,1,21060800,344,930,4,1000,0,'11B',344930000000011),(2438,'2013-01-11 17:19:00',4097,1,21060800,344,930,4,1000,13,'11B',344930000000011),(2439,'2013-01-11 17:19:00',4106,1,21060800,344,930,4,1000,11,'11B',344930000000011),(2440,'2013-01-11 17:19:00',4125,0,21060800,344,930,4,1000,23,'11B',344930000000011),(2441,'2013-01-11 17:20:00',4098,1,21060800,344,930,4,1000,0,'11B',344930000000011),(2442,'2013-01-11 17:20:00',4097,1,21060800,344,930,4,1000,13,'11B',344930000000011),(2443,'2013-01-11 17:20:00',4106,1,21060800,344,930,4,1000,11,'11B',344930000000011),(2444,'2013-01-11 17:20:00',4125,0,21060800,344,930,4,1000,23,'11B',344930000000011),(2445,'2013-01-11 17:21:00',4098,1,33000153,310,560,4,1000,0,'11B',310560000000012),(2446,'2013-01-11 17:21:00',4097,1,33000153,310,560,4,1000,10,'11B',310560000000012),(2447,'2013-01-11 17:21:00',4106,1,33000153,310,560,4,1000,11,'11B',310560000000012),(2448,'2013-01-11 17:21:00',4125,0,33000153,310,560,4,1000,23,'11B',310560000000012),(2449,'2013-01-11 17:22:00',4098,1,33000253,240,21,4,1000,0,'11B',240210000000013),(2450,'2013-01-11 17:22:00',4097,1,33000253,240,21,4,1000,9,'11B',240210000000013),(2451,'2013-01-11 17:22:00',4106,1,33000253,240,21,4,1000,11,'11B',240210000000013),(2452,'2013-01-11 17:22:00',4125,0,33000253,240,21,4,1000,23,'11B',240210000000013),(2453,'2013-01-11 17:23:00',4098,1,21060800,344,930,4,1000,0,'11B',344930000000011),(2454,'2013-01-11 17:23:00',4097,1,21060800,344,930,4,1000,10,'11B',344930000000011),(2455,'2013-01-11 17:23:00',4106,1,21060800,344,930,4,1000,11,'11B',344930000000011),(2456,'2013-01-11 17:23:00',4125,0,21060800,344,930,4,1000,23,'11B',344930000000011),(2457,'2013-01-11 17:24:00',4098,1,33000153,310,560,4,1000,0,'11B',310560000000012),(2458,'2013-01-11 17:24:00',4097,1,33000153,310,560,4,1000,10,'11B',310560000000012),(2459,'2013-01-11 17:24:00',4106,1,33000153,310,560,4,1000,11,'11B',310560000000012),(2460,'2013-01-11 17:24:00',4125,0,33000153,310,560,4,1000,23,'11B',310560000000012),(2461,'2013-01-11 17:20:00',4098,1,33000253,240,21,4,1000,0,'11B',240210000000013),(2462,'2013-01-11 17:20:00',4097,1,33000253,240,21,4,1000,10,'11B',240210000000013),(2463,'2013-01-11 17:20:00',4106,1,33000253,240,21,4,1000,11,'11B',240210000000013),(2464,'2013-01-11 17:20:00',4125,0,33000253,240,21,4,1000,23,'11B',240210000000013),(2465,'2013-01-11 17:21:00',4098,1,21060800,344,930,4,1000,0,'11B',344930000000011),(2466,'2013-01-11 17:21:00',4097,1,21060800,344,930,4,1000,13,'11B',344930000000011),(2467,'2013-01-11 17:21:00',4106,1,21060800,344,930,4,1000,11,'11B',344930000000011),(2468,'2013-01-11 17:21:00',4125,0,21060800,344,930,4,1000,23,'11B',344930000000011),(2469,'2013-01-11 17:22:00',4098,1,33000153,310,560,4,1000,0,'11B',310560000000012),(2470,'2013-01-11 17:22:00',4097,1,33000153,310,560,4,1000,11,'11B',310560000000012),(2471,'2013-01-11 17:22:00',4106,1,33000153,310,560,4,1000,11,'11B',310560000000012),(2472,'2013-01-11 17:22:00',4125,0,33000153,310,560,4,1000,23,'11B',310560000000012),(2473,'2013-01-11 17:23:00',4098,1,33000253,240,21,4,1000,0,'11B',240210000000013),(2474,'2013-01-11 17:23:00',4097,1,33000253,240,21,4,1000,9,'11B',240210000000013),(2475,'2013-01-11 17:23:00',4106,1,33000253,240,21,4,1000,11,'11B',240210000000013),(2476,'2013-01-11 17:23:00',4125,0,33000253,240,21,4,1000,23,'11B',240210000000013),(2477,'2013-01-11 17:24:00',4098,1,21060800,344,930,4,1000,0,'11B',344930000000011),(2478,'2013-01-11 17:24:00',4097,1,21060800,344,930,4,1000,10,'11B',344930000000011),(2479,'2013-01-11 17:24:00',4106,1,21060800,344,930,4,1000,11,'11B',344930000000011),(2480,'2013-01-11 17:24:00',4125,0,21060800,344,930,4,1000,24,'11B',344930000000011),(2481,'2013-01-11 17:25:00',4098,1,21060800,344,930,4,1000,0,'11B',344930000000011),(2482,'2013-01-11 17:25:00',4097,1,21060800,344,930,4,1000,10,'11B',344930000000011),(2483,'2013-01-11 17:25:00',4106,1,21060800,344,930,4,1000,12,'11B',344930000000011),(2484,'2013-01-11 17:25:00',4125,0,21060800,344,930,4,1000,24,'11B',344930000000011),(2485,'2013-01-11 17:26:00',4098,1,33000153,310,560,4,1000,0,'11B',310560000000012),(2486,'2013-01-11 17:26:00',4097,1,33000153,310,560,4,1000,9,'11B',310560000000012),(2487,'2013-01-11 17:26:00',4106,1,33000153,310,560,4,1000,12,'11B',310560000000012),(2488,'2013-01-11 17:26:00',4125,0,33000153,310,560,4,1000,24,'11B',310560000000012),(2489,'2013-01-11 17:27:00',4098,1,33000253,240,21,4,1000,0,'11B',240210000000013),(2490,'2013-01-11 17:27:00',4097,1,33000253,240,21,4,1000,11,'11B',240210000000013),(2491,'2013-01-11 17:27:00',4106,1,33000253,240,21,4,1000,12,'11B',240210000000013),(2492,'2013-01-11 17:27:00',4125,0,33000253,240,21,4,1000,24,'11B',240210000000013),(2493,'2013-01-11 17:28:00',4098,1,21060800,344,930,4,1000,0,'11B',344930000000011),(2494,'2013-01-11 17:28:00',4097,1,21060800,344,930,4,1000,13,'11B',344930000000011),(2495,'2013-01-11 17:28:00',4106,1,21060800,344,930,4,1000,12,'11B',344930000000011),(2496,'2013-01-11 17:28:00',4125,0,21060800,344,930,4,1000,24,'11B',344930000000011),(2497,'2013-01-11 17:29:00',4098,1,33000153,310,560,4,1000,0,'11B',310560000000012),(2498,'2013-01-11 17:29:00',4097,1,33000153,310,560,4,1000,11,'11B',310560000000012),(2499,'2013-01-11 17:29:00',4106,1,33000153,310,560,4,1000,12,'11B',310560000000012),(2500,'2013-01-11 17:29:00',4125,0,33000153,310,560,4,1000,24,'11B',310560000000012),(2501,'2013-01-11 17:25:00',4098,1,33000253,240,21,4,1000,0,'11B',240210000000013),(2502,'2013-01-11 17:25:00',4097,1,33000253,240,21,4,1000,10,'11B',240210000000013),(2503,'2013-01-11 17:25:00',4106,1,33000253,240,21,4,1000,12,'11B',240210000000013),(2504,'2013-01-11 17:25:00',4125,0,33000253,240,21,4,1000,24,'11B',240210000000013),(2505,'2013-01-11 17:26:00',4098,1,21060800,344,930,4,1000,0,'11B',344930000000011),(2506,'2013-01-11 17:26:00',4097,1,21060800,344,930,4,1000,10,'11B',344930000000011),(2507,'2013-01-11 17:26:00',4106,1,21060800,344,930,4,1000,12,'11B',344930000000011),(2508,'2013-01-11 17:26:00',4125,0,21060800,344,930,4,1000,24,'11B',344930000000011),(2509,'2013-01-11 17:27:00',4098,1,33000153,310,560,4,1000,0,'11B',310560000000012),(2510,'2013-01-11 17:27:00',4097,1,33000153,310,560,4,1000,9,'11B',310560000000012),(2511,'2013-01-11 17:27:00',4106,1,33000153,310,560,4,1000,12,'11B',310560000000012),(2512,'2013-01-11 17:27:00',4125,0,33000153,310,560,4,1000,24,'11B',310560000000012),(2513,'2013-01-11 17:28:00',4098,1,33000253,240,21,4,1000,0,'11B',240210000000013),(2514,'2013-01-11 17:28:00',4097,1,33000253,240,21,4,1000,12,'11B',240210000000013),(2515,'2013-01-11 17:28:00',4106,1,33000253,240,21,4,1000,12,'11B',240210000000013),(2516,'2013-01-11 17:28:00',4125,0,33000253,240,21,4,1000,24,'11B',240210000000013),(2517,'2013-01-11 17:29:00',4098,1,21060800,344,930,4,1000,0,'11B',344930000000011),(2518,'2013-01-11 17:29:00',4097,1,21060800,344,930,4,1000,9,'11B',344930000000011),(2519,'2013-01-11 17:29:00',4106,1,21060800,344,930,4,1000,12,'11B',344930000000011),(2520,'2013-01-11 17:29:00',4125,0,21060800,344,930,4,1000,24,'11B',344930000000011),(2521,'2013-01-11 17:30:00',4098,1,21060800,344,930,4,1000,0,'11B',344930000000011),(2522,'2013-01-11 17:30:00',4097,1,21060800,344,930,4,1000,12,'11B',344930000000011),(2523,'2013-01-11 17:30:00',4106,1,21060800,344,930,4,1000,12,'11B',344930000000011),(2524,'2013-01-11 17:30:00',4125,0,21060800,344,930,4,1000,24,'11B',344930000000011),(2525,'2013-01-11 17:31:00',4098,1,33000153,310,560,4,1000,0,'11B',310560000000012),(2526,'2013-01-11 17:31:00',4097,1,33000153,310,560,4,1000,13,'11B',310560000000012),(2527,'2013-01-11 17:31:00',4106,1,33000153,310,560,4,1000,12,'11B',310560000000012),(2528,'2013-01-11 17:31:00',4125,0,33000153,310,560,4,1000,24,'11B',310560000000012),(2529,'2013-01-11 17:32:00',4098,1,33000253,240,21,4,1000,0,'11B',240210000000013),(2530,'2013-01-11 17:32:00',4097,1,33000253,240,21,4,1000,9,'11B',240210000000013),(2531,'2013-01-11 17:32:00',4106,1,33000253,240,21,4,1000,12,'11B',240210000000013),(2532,'2013-01-11 17:32:00',4125,0,33000253,240,21,4,1000,24,'11B',240210000000013),(2533,'2013-01-11 17:33:00',4098,1,21060800,344,930,4,1000,0,'11B',344930000000011),(2534,'2013-01-11 17:33:00',4097,1,21060800,344,930,4,1000,12,'11B',344930000000011),(2535,'2013-01-11 17:33:00',4106,1,21060800,344,930,4,1000,12,'11B',344930000000011),(2536,'2013-01-11 17:33:00',4125,0,21060800,344,930,4,1000,24,'11B',344930000000011),(2537,'2013-01-11 17:34:00',4098,1,33000153,310,560,4,1000,0,'11B',310560000000012),(2538,'2013-01-11 17:34:00',4097,1,33000153,310,560,4,1000,13,'11B',310560000000012),(2539,'2013-01-11 17:34:00',4106,1,33000153,310,560,4,1000,12,'11B',310560000000012),(2540,'2013-01-11 17:34:00',4125,0,33000153,310,560,4,1000,24,'11B',310560000000012),(2541,'2013-01-11 17:30:00',4098,1,33000253,240,21,4,1000,0,'11B',240210000000013),(2542,'2013-01-11 17:30:00',4097,1,33000253,240,21,4,1000,11,'11B',240210000000013),(2543,'2013-01-11 17:30:00',4106,1,33000253,240,21,4,1000,12,'11B',240210000000013),(2544,'2013-01-11 17:30:00',4125,0,33000253,240,21,4,1000,24,'11B',240210000000013),(2545,'2013-01-11 17:31:00',4098,1,21060800,344,930,4,1000,0,'11B',344930000000011),(2546,'2013-01-11 17:31:00',4097,1,21060800,344,930,4,1000,10,'11B',344930000000011),(2547,'2013-01-11 17:31:00',4106,1,21060800,344,930,4,1000,12,'11B',344930000000011),(2548,'2013-01-11 17:31:00',4125,0,21060800,344,930,4,1000,24,'11B',344930000000011),(2549,'2013-01-11 17:32:00',4098,1,33000153,310,560,4,1000,0,'11B',310560000000012),(2550,'2013-01-11 17:32:00',4097,1,33000153,310,560,4,1000,11,'11B',310560000000012),(2551,'2013-01-11 17:32:00',4106,1,33000153,310,560,4,1000,12,'11B',310560000000012),(2552,'2013-01-11 17:32:00',4125,0,33000153,310,560,4,1000,24,'11B',310560000000012),(2553,'2013-01-11 17:33:00',4098,1,33000253,240,21,4,1000,0,'11B',240210000000013),(2554,'2013-01-11 17:33:00',4097,1,33000253,240,21,4,1000,10,'11B',240210000000013),(2555,'2013-01-11 17:33:00',4106,1,33000253,240,21,4,1000,12,'11B',240210000000013),(2556,'2013-01-11 17:33:00',4125,0,33000253,240,21,4,1000,24,'11B',240210000000013),(2557,'2013-01-11 17:34:00',4098,1,21060800,344,930,4,1000,0,'11B',344930000000011),(2558,'2013-01-11 17:34:00',4097,1,21060800,344,930,4,1000,9,'11B',344930000000011),(2559,'2013-01-11 17:34:00',4106,1,21060800,344,930,4,1000,12,'11B',344930000000011),(2560,'2013-01-11 17:34:00',4125,0,21060800,344,930,4,1000,24,'11B',344930000000011),(2561,'2013-01-11 17:35:00',4098,1,21060800,344,930,4,1000,0,'11B',344930000000011),(2562,'2013-01-11 17:35:00',4097,1,21060800,344,930,4,1000,13,'11B',344930000000011),(2563,'2013-01-11 17:35:00',4106,1,21060800,344,930,4,1000,12,'11B',344930000000011),(2564,'2013-01-11 17:35:00',4125,0,21060800,344,930,4,1000,24,'11B',344930000000011),(2565,'2013-01-11 17:36:00',4098,1,33000153,310,560,4,1000,0,'11B',310560000000012),(2566,'2013-01-11 17:36:00',4097,1,33000153,310,560,4,1000,9,'11B',310560000000012),(2567,'2013-01-11 17:36:00',4106,1,33000153,310,560,4,1000,12,'11B',310560000000012),(2568,'2013-01-11 17:36:00',4125,0,33000153,310,560,4,1000,24,'11B',310560000000012),(2569,'2013-01-11 17:37:00',4098,1,33000253,240,21,4,1000,0,'11B',240210000000013),(2570,'2013-01-11 17:37:00',4097,1,33000253,240,21,4,1000,13,'11B',240210000000013),(2571,'2013-01-11 17:37:00',4106,1,33000253,240,21,4,1000,12,'11B',240210000000013),(2572,'2013-01-11 17:37:00',4125,0,33000253,240,21,4,1000,24,'11B',240210000000013),(2573,'2013-01-11 17:38:00',4098,1,21060800,344,930,4,1000,0,'11B',344930000000011),(2574,'2013-01-11 17:38:00',4097,1,21060800,344,930,4,1000,11,'11B',344930000000011),(2575,'2013-01-11 17:38:00',4106,1,21060800,344,930,4,1000,12,'11B',344930000000011),(2576,'2013-01-11 17:38:00',4125,0,21060800,344,930,4,1000,24,'11B',344930000000011),(2577,'2013-01-11 17:39:00',4098,1,33000153,310,560,4,1000,0,'11B',310560000000012),(2578,'2013-01-11 17:39:00',4097,1,33000153,310,560,4,1000,12,'11B',310560000000012),(2579,'2013-01-11 17:39:00',4106,1,33000153,310,560,4,1000,12,'11B',310560000000012),(2580,'2013-01-11 17:39:00',4125,0,33000153,310,560,4,1000,24,'11B',310560000000012),(2581,'2013-01-11 17:35:00',4098,1,33000253,240,21,4,1000,0,'11B',240210000000013),(2582,'2013-01-11 17:35:00',4097,1,33000253,240,21,4,1000,10,'11B',240210000000013),(2583,'2013-01-11 17:35:00',4106,1,33000253,240,21,4,1000,12,'11B',240210000000013),(2584,'2013-01-11 17:35:00',4125,0,33000253,240,21,4,1000,24,'11B',240210000000013),(2585,'2013-01-11 17:36:00',4098,1,21060800,344,930,4,1000,0,'11B',344930000000011),(2586,'2013-01-11 17:36:00',4097,1,21060800,344,930,4,1000,9,'11B',344930000000011),(2587,'2013-01-11 17:36:00',4106,1,21060800,344,930,4,1000,12,'11B',344930000000011),(2588,'2013-01-11 17:36:00',4125,0,21060800,344,930,4,1000,24,'11B',344930000000011),(2589,'2013-01-11 17:37:00',4098,1,33000153,310,560,4,1000,0,'11B',310560000000012),(2590,'2013-01-11 17:37:00',4097,1,33000153,310,560,4,1000,13,'11B',310560000000012),(2591,'2013-01-11 17:37:00',4106,1,33000153,310,560,4,1000,12,'11B',310560000000012),(2592,'2013-01-11 17:37:00',4125,0,33000153,310,560,4,1000,24,'11B',310560000000012),(2593,'2013-01-11 17:38:00',4098,1,33000253,240,21,4,1000,0,'11B',240210000000013),(2594,'2013-01-11 17:38:00',4097,1,33000253,240,21,4,1000,12,'11B',240210000000013),(2595,'2013-01-11 17:38:00',4106,1,33000253,240,21,4,1000,12,'11B',240210000000013),(2596,'2013-01-11 17:38:00',4125,0,33000253,240,21,4,1000,24,'11B',240210000000013),(2597,'2013-01-11 17:39:00',4098,1,21060800,344,930,4,1000,0,'11B',344930000000011),(2598,'2013-01-11 17:39:00',4097,1,21060800,344,930,4,1000,11,'11B',344930000000011),(2599,'2013-01-11 17:39:00',4106,1,21060800,344,930,4,1000,12,'11B',344930000000011),(2600,'2013-01-11 17:39:00',4125,0,21060800,344,930,4,1000,24,'11B',344930000000011),(2601,'2013-01-11 17:10:00',4098,1,21060800,344,930,5,1000,0,'11B',344930000000011),(2602,'2013-01-11 17:10:00',4097,1,21060800,344,930,5,1000,9,'11B',344930000000011),(2603,'2013-01-11 17:10:00',4106,1,21060800,344,930,5,1000,12,'11B',344930000000011),(2604,'2013-01-11 17:10:00',4125,0,21060800,344,930,5,1000,24,'11B',344930000000011),(2605,'2013-01-11 17:11:00',4098,1,33000153,310,560,5,1000,0,'11B',310560000000012),(2606,'2013-01-11 17:11:00',4097,1,33000153,310,560,5,1000,11,'11B',310560000000012),(2607,'2013-01-11 17:11:00',4106,1,33000153,310,560,5,1000,12,'11B',310560000000012),(2608,'2013-01-11 17:11:00',4125,0,33000153,310,560,5,1000,24,'11B',310560000000012),(2609,'2013-01-11 17:12:00',4098,1,33000253,240,21,5,1000,0,'11B',240210000000013),(2610,'2013-01-11 17:12:00',4097,1,33000253,240,21,5,1000,12,'11B',240210000000013),(2611,'2013-01-11 17:12:00',4106,1,33000253,240,21,5,1000,12,'11B',240210000000013),(2612,'2013-01-11 17:12:00',4125,0,33000253,240,21,5,1000,24,'11B',240210000000013),(2613,'2013-01-11 17:13:00',4098,1,21060800,344,930,5,1000,0,'11B',344930000000011),(2614,'2013-01-11 17:13:00',4097,1,21060800,344,930,5,1000,10,'11B',344930000000011),(2615,'2013-01-11 17:13:00',4106,1,21060800,344,930,5,1000,12,'11B',344930000000011),(2616,'2013-01-11 17:13:00',4125,0,21060800,344,930,5,1000,24,'11B',344930000000011),(2617,'2013-01-11 17:14:00',4098,1,33000153,310,560,5,1000,0,'11B',310560000000012),(2618,'2013-01-11 17:14:00',4097,1,33000153,310,560,5,1000,10,'11B',310560000000012),(2619,'2013-01-11 17:14:00',4106,1,33000153,310,560,5,1000,12,'11B',310560000000012),(2620,'2013-01-11 17:14:00',4125,0,33000153,310,560,5,1000,24,'11B',310560000000012),(2621,'2013-01-11 17:10:00',4098,1,33000253,240,21,5,1000,0,'11B',240210000000013),(2622,'2013-01-11 17:10:00',4097,1,33000253,240,21,5,1000,9,'11B',240210000000013),(2623,'2013-01-11 17:10:00',4106,1,33000253,240,21,5,1000,12,'11B',240210000000013),(2624,'2013-01-11 17:10:00',4125,0,33000253,240,21,5,1000,24,'11B',240210000000013),(2625,'2013-01-11 17:11:00',4098,1,21060800,344,930,5,1000,0,'11B',344930000000011),(2626,'2013-01-11 17:11:00',4097,1,21060800,344,930,5,1000,9,'11B',344930000000011),(2627,'2013-01-11 17:11:00',4106,1,21060800,344,930,5,1000,12,'11B',344930000000011),(2628,'2013-01-11 17:11:00',4125,0,21060800,344,930,5,1000,24,'11B',344930000000011),(2629,'2013-01-11 17:12:00',4098,1,33000153,310,560,5,1000,1,'11B',310560000000012),(2630,'2013-01-11 17:12:00',4097,1,33000153,310,560,5,1000,9,'11B',310560000000012),(2631,'2013-01-11 17:12:00',4106,1,33000153,310,560,5,1000,12,'11B',310560000000012),(2632,'2013-01-11 17:12:00',4125,0,33000153,310,560,5,1000,24,'11B',310560000000012),(2633,'2013-01-11 17:13:00',4098,1,33000253,240,21,5,1000,1,'11B',240210000000013),(2634,'2013-01-11 17:13:00',4097,1,33000253,240,21,5,1000,12,'11B',240210000000013),(2635,'2013-01-11 17:13:00',4106,1,33000253,240,21,5,1000,12,'11B',240210000000013),(2636,'2013-01-11 17:13:00',4125,0,33000253,240,21,5,1000,24,'11B',240210000000013),(2637,'2013-01-11 17:14:00',4098,1,21060800,344,930,5,1000,1,'11B',344930000000011),(2638,'2013-01-11 17:14:00',4097,1,21060800,344,930,5,1000,10,'11B',344930000000011),(2639,'2013-01-11 17:14:00',4106,1,21060800,344,930,5,1000,12,'11B',344930000000011),(2640,'2013-01-11 17:14:00',4125,0,21060800,344,930,5,1000,24,'11B',344930000000011),(2641,'2013-01-11 17:15:00',4098,1,21060800,344,930,5,1000,1,'11B',344930000000011),(2642,'2013-01-11 17:15:00',4097,1,21060800,344,930,5,1000,11,'11B',344930000000011),(2643,'2013-01-11 17:15:00',4106,1,21060800,344,930,5,1000,12,'11B',344930000000011),(2644,'2013-01-11 17:15:00',4125,0,21060800,344,930,5,1000,24,'11B',344930000000011),(2645,'2013-01-11 17:16:00',4098,1,33000153,310,560,5,1000,1,'11B',310560000000012),(2646,'2013-01-11 17:16:00',4097,1,33000153,310,560,5,1000,12,'11B',310560000000012),(2647,'2013-01-11 17:16:00',4106,1,33000153,310,560,5,1000,12,'11B',310560000000012),(2648,'2013-01-11 17:16:00',4125,0,33000153,310,560,5,1000,24,'11B',310560000000012),(2649,'2013-01-11 17:17:00',4098,1,33000253,240,21,5,1000,1,'11B',240210000000013),(2650,'2013-01-11 17:17:00',4097,1,33000253,240,21,5,1000,11,'11B',240210000000013),(2651,'2013-01-11 17:17:00',4106,1,33000253,240,21,5,1000,12,'11B',240210000000013),(2652,'2013-01-11 17:17:00',4125,0,33000253,240,21,5,1000,24,'11B',240210000000013),(2653,'2013-01-11 17:18:00',4098,1,21060800,344,930,5,1000,1,'11B',344930000000011),(2654,'2013-01-11 17:18:00',4097,1,21060800,344,930,5,1000,11,'11B',344930000000011),(2655,'2013-01-11 17:18:00',4106,1,21060800,344,930,5,1000,12,'11B',344930000000011),(2656,'2013-01-11 17:18:00',4125,0,21060800,344,930,5,1000,24,'11B',344930000000011),(2657,'2013-01-11 17:19:00',4098,1,33000153,310,560,5,1000,1,'11B',310560000000012),(2658,'2013-01-11 17:19:00',4097,1,33000153,310,560,5,1000,10,'11B',310560000000012),(2659,'2013-01-11 17:19:00',4106,1,33000153,310,560,5,1000,12,'11B',310560000000012),(2660,'2013-01-11 17:19:00',4125,0,33000153,310,560,5,1000,24,'11B',310560000000012),(2661,'2013-01-11 17:15:00',4098,1,33000253,240,21,5,1000,1,'11B',240210000000013),(2662,'2013-01-11 17:15:00',4097,1,33000253,240,21,5,1000,12,'11B',240210000000013),(2663,'2013-01-11 17:15:00',4106,1,33000253,240,21,5,1000,12,'11B',240210000000013),(2664,'2013-01-11 17:15:00',4125,0,33000253,240,21,5,1000,24,'11B',240210000000013),(2665,'2013-01-11 17:16:00',4098,1,21060800,344,930,5,1000,1,'11B',344930000000011),(2666,'2013-01-11 17:16:00',4097,1,21060800,344,930,5,1000,10,'11B',344930000000011),(2667,'2013-01-11 17:16:00',4106,1,21060800,344,930,5,1000,12,'11B',344930000000011),(2668,'2013-01-11 17:16:00',4125,0,21060800,344,930,5,1000,24,'11B',344930000000011),(2669,'2013-01-11 17:17:00',4098,1,33000153,310,560,5,1000,1,'11B',310560000000012),(2670,'2013-01-11 17:17:00',4097,1,33000153,310,560,5,1000,10,'11B',310560000000012),(2671,'2013-01-11 17:17:00',4106,1,33000153,310,560,5,1000,12,'11B',310560000000012),(2672,'2013-01-11 17:17:00',4125,0,33000153,310,560,5,1000,24,'11B',310560000000012),(2673,'2013-01-11 17:18:00',4098,1,33000253,240,21,5,1000,1,'11B',240210000000013),(2674,'2013-01-11 17:18:00',4097,1,33000253,240,21,5,1000,13,'11B',240210000000013),(2675,'2013-01-11 17:18:00',4106,1,33000253,240,21,5,1000,12,'11B',240210000000013),(2676,'2013-01-11 17:18:00',4125,0,33000253,240,21,5,1000,24,'11B',240210000000013),(2677,'2013-01-11 17:19:00',4098,1,21060800,344,930,5,1000,1,'11B',344930000000011),(2678,'2013-01-11 17:19:00',4097,1,21060800,344,930,5,1000,11,'11B',344930000000011),(2679,'2013-01-11 17:19:00',4106,1,21060800,344,930,5,1000,12,'11B',344930000000011),(2680,'2013-01-11 17:19:00',4125,0,21060800,344,930,5,1000,24,'11B',344930000000011),(2681,'2013-01-11 17:20:00',4098,1,21060800,344,930,5,1000,1,'11B',344930000000011),(2682,'2013-01-11 17:20:00',4097,1,21060800,344,930,5,1000,13,'11B',344930000000011),(2683,'2013-01-11 17:20:00',4106,1,21060800,344,930,5,1000,12,'11B',344930000000011),(2684,'2013-01-11 17:20:00',4125,0,21060800,344,930,5,1000,24,'11B',344930000000011),(2685,'2013-01-11 17:21:00',4098,1,33000153,310,560,5,1000,1,'11B',310560000000012),(2686,'2013-01-11 17:21:00',4097,1,33000153,310,560,5,1000,9,'11B',310560000000012),(2687,'2013-01-11 17:21:00',4106,1,33000153,310,560,5,1000,12,'11B',310560000000012),(2688,'2013-01-11 17:21:00',4125,0,33000153,310,560,5,1000,24,'11B',310560000000012),(2689,'2013-01-11 17:22:00',4098,1,33000253,240,21,5,1000,1,'11B',240210000000013),(2690,'2013-01-11 17:22:00',4097,1,33000253,240,21,5,1000,13,'11B',240210000000013),(2691,'2013-01-11 17:22:00',4106,1,33000253,240,21,5,1000,12,'11B',240210000000013),(2692,'2013-01-11 17:22:00',4125,0,33000253,240,21,5,1000,24,'11B',240210000000013),(2693,'2013-01-11 17:23:00',4098,1,21060800,344,930,5,1000,1,'11B',344930000000011),(2694,'2013-01-11 17:23:00',4097,1,21060800,344,930,5,1000,13,'11B',344930000000011),(2695,'2013-01-11 17:23:00',4106,1,21060800,344,930,5,1000,12,'11B',344930000000011),(2696,'2013-01-11 17:23:00',4125,0,21060800,344,930,5,1000,24,'11B',344930000000011),(2697,'2013-01-11 17:24:00',4098,1,33000153,310,560,5,1000,1,'11B',310560000000012),(2698,'2013-01-11 17:24:00',4097,1,33000153,310,560,5,1000,12,'11B',310560000000012),(2699,'2013-01-11 17:24:00',4106,1,33000153,310,560,5,1000,12,'11B',310560000000012),(2700,'2013-01-11 17:24:00',4125,0,33000153,310,560,5,1000,24,'11B',310560000000012),(2701,'2013-01-11 17:20:00',4098,1,33000253,240,21,5,1000,1,'11B',240210000000013),(2702,'2013-01-11 17:20:00',4097,1,33000253,240,21,5,1000,11,'11B',240210000000013),(2703,'2013-01-11 17:20:00',4106,1,33000253,240,21,5,1000,12,'11B',240210000000013),(2704,'2013-01-11 17:20:00',4125,0,33000253,240,21,5,1000,24,'11B',240210000000013),(2705,'2013-01-11 17:21:00',4098,1,21060800,344,930,5,1000,1,'11B',344930000000011),(2706,'2013-01-11 17:21:00',4097,1,21060800,344,930,5,1000,9,'11B',344930000000011),(2707,'2013-01-11 17:21:00',4106,1,21060800,344,930,5,1000,12,'11B',344930000000011),(2708,'2013-01-11 17:21:00',4125,0,21060800,344,930,5,1000,24,'11B',344930000000011),(2709,'2013-01-11 17:22:00',4098,1,33000153,310,560,5,1000,1,'11B',310560000000012),(2710,'2013-01-11 17:22:00',4097,1,33000153,310,560,5,1000,11,'11B',310560000000012),(2711,'2013-01-11 17:22:00',4106,1,33000153,310,560,5,1000,12,'11B',310560000000012),(2712,'2013-01-11 17:22:00',4125,0,33000153,310,560,5,1000,24,'11B',310560000000012),(2713,'2013-01-11 17:23:00',4098,1,33000253,240,21,5,1000,1,'11B',240210000000013),(2714,'2013-01-11 17:23:00',4097,1,33000253,240,21,5,1000,12,'11B',240210000000013),(2715,'2013-01-11 17:23:00',4106,1,33000253,240,21,5,1000,12,'11B',240210000000013),(2716,'2013-01-11 17:23:00',4125,0,33000253,240,21,5,1000,24,'11B',240210000000013),(2717,'2013-01-11 17:24:00',4098,1,21060800,344,930,5,1000,1,'11B',344930000000011),(2718,'2013-01-11 17:24:00',4097,1,21060800,344,930,5,1000,11,'11B',344930000000011),(2719,'2013-01-11 17:24:00',4106,1,21060800,344,930,5,1000,12,'11B',344930000000011),(2720,'2013-01-11 17:24:00',4125,0,21060800,344,930,5,1000,24,'11B',344930000000011),(2721,'2013-01-11 17:25:00',4098,1,21060800,344,930,5,1000,1,'11B',344930000000011),(2722,'2013-01-11 17:25:00',4097,1,21060800,344,930,5,1000,10,'11B',344930000000011),(2723,'2013-01-11 17:25:00',4106,1,21060800,344,930,5,1000,12,'11B',344930000000011),(2724,'2013-01-11 17:25:00',4125,0,21060800,344,930,5,1000,24,'11B',344930000000011),(2725,'2013-01-11 17:26:00',4098,1,33000153,310,560,5,1000,1,'11B',310560000000012),(2726,'2013-01-11 17:26:00',4097,1,33000153,310,560,5,1000,11,'11B',310560000000012),(2727,'2013-01-11 17:26:00',4106,1,33000153,310,560,5,1000,12,'11B',310560000000012),(2728,'2013-01-11 17:26:00',4125,0,33000153,310,560,5,1000,24,'11B',310560000000012),(2729,'2013-01-11 17:27:00',4098,1,33000253,240,21,5,1000,1,'11B',240210000000013),(2730,'2013-01-11 17:27:00',4097,1,33000253,240,21,5,1000,11,'11B',240210000000013),(2731,'2013-01-11 17:27:00',4106,1,33000253,240,21,5,1000,12,'11B',240210000000013),(2732,'2013-01-11 17:27:00',4125,0,33000253,240,21,5,1000,24,'11B',240210000000013),(2733,'2013-01-11 17:28:00',4098,1,21060800,344,930,5,1000,1,'11B',344930000000011),(2734,'2013-01-11 17:28:00',4097,1,21060800,344,930,5,1000,13,'11B',344930000000011),(2735,'2013-01-11 17:28:00',4106,1,21060800,344,930,5,1000,12,'11B',344930000000011),(2736,'2013-01-11 17:28:00',4125,0,21060800,344,930,5,1000,24,'11B',344930000000011),(2737,'2013-01-11 17:29:00',4098,1,33000153,310,560,5,1000,1,'11B',310560000000012),(2738,'2013-01-11 17:29:00',4097,1,33000153,310,560,5,1000,11,'11B',310560000000012),(2739,'2013-01-11 17:29:00',4106,1,33000153,310,560,5,1000,12,'11B',310560000000012),(2740,'2013-01-11 17:29:00',4125,0,33000153,310,560,5,1000,24,'11B',310560000000012),(2741,'2013-01-11 17:25:00',4098,1,33000253,240,21,5,1000,1,'11B',240210000000013),(2742,'2013-01-11 17:25:00',4097,1,33000253,240,21,5,1000,10,'11B',240210000000013),(2743,'2013-01-11 17:25:00',4106,1,33000253,240,21,5,1000,12,'11B',240210000000013),(2744,'2013-01-11 17:25:00',4125,0,33000253,240,21,5,1000,24,'11B',240210000000013),(2745,'2013-01-11 17:26:00',4098,1,21060800,344,930,5,1000,1,'11B',344930000000011),(2746,'2013-01-11 17:26:00',4097,1,21060800,344,930,5,1000,13,'11B',344930000000011),(2747,'2013-01-11 17:26:00',4106,1,21060800,344,930,5,1000,12,'11B',344930000000011),(2748,'2013-01-11 17:26:00',4125,0,21060800,344,930,5,1000,24,'11B',344930000000011),(2749,'2013-01-11 17:27:00',4098,1,33000153,310,560,5,1000,1,'11B',310560000000012),(2750,'2013-01-11 17:27:00',4097,1,33000153,310,560,5,1000,13,'11B',310560000000012),(2751,'2013-01-11 17:27:00',4106,1,33000153,310,560,5,1000,12,'11B',310560000000012),(2752,'2013-01-11 17:27:00',4125,0,33000153,310,560,5,1000,24,'11B',310560000000012),(2753,'2013-01-11 17:28:00',4098,1,33000253,240,21,5,1000,1,'11B',240210000000013),(2754,'2013-01-11 17:28:00',4097,1,33000253,240,21,5,1000,13,'11B',240210000000013),(2755,'2013-01-11 17:28:00',4106,1,33000253,240,21,5,1000,12,'11B',240210000000013),(2756,'2013-01-11 17:28:00',4125,0,33000253,240,21,5,1000,24,'11B',240210000000013),(2757,'2013-01-11 17:29:00',4098,1,21060800,344,930,5,1000,1,'11B',344930000000011),(2758,'2013-01-11 17:29:00',4097,1,21060800,344,930,5,1000,11,'11B',344930000000011),(2759,'2013-01-11 17:29:00',4106,1,21060800,344,930,5,1000,12,'11B',344930000000011),(2760,'2013-01-11 17:29:00',4125,0,21060800,344,930,5,1000,24,'11B',344930000000011),(2761,'2013-01-11 17:30:00',4098,1,21060800,344,930,5,1000,1,'11B',344930000000011),(2762,'2013-01-11 17:30:00',4097,1,21060800,344,930,5,1000,13,'11B',344930000000011),(2763,'2013-01-11 17:30:00',4106,1,21060800,344,930,5,1000,12,'11B',344930000000011),(2764,'2013-01-11 17:30:00',4125,0,21060800,344,930,5,1000,24,'11B',344930000000011),(2765,'2013-01-11 17:31:00',4098,1,33000153,310,560,5,1000,1,'11B',310560000000012),(2766,'2013-01-11 17:31:00',4097,1,33000153,310,560,5,1000,9,'11B',310560000000012),(2767,'2013-01-11 17:31:00',4106,1,33000153,310,560,5,1000,12,'11B',310560000000012),(2768,'2013-01-11 17:31:00',4125,0,33000153,310,560,5,1000,24,'11B',310560000000012),(2769,'2013-01-11 17:32:00',4098,1,33000253,240,21,5,1000,1,'11B',240210000000013),(2770,'2013-01-11 17:32:00',4097,1,33000253,240,21,5,1000,10,'11B',240210000000013),(2771,'2013-01-11 17:32:00',4106,1,33000253,240,21,5,1000,12,'11B',240210000000013),(2772,'2013-01-11 17:32:00',4125,0,33000253,240,21,5,1000,24,'11B',240210000000013),(2773,'2013-01-11 17:33:00',4098,1,21060800,344,930,5,1000,1,'11B',344930000000011),(2774,'2013-01-11 17:33:00',4097,1,21060800,344,930,5,1000,12,'11B',344930000000011),(2775,'2013-01-11 17:33:00',4106,1,21060800,344,930,5,1000,12,'11B',344930000000011),(2776,'2013-01-11 17:33:00',4125,0,21060800,344,930,5,1000,24,'11B',344930000000011),(2777,'2013-01-11 17:34:00',4098,1,33000153,310,560,5,1000,1,'11B',310560000000012),(2778,'2013-01-11 17:34:00',4097,1,33000153,310,560,5,1000,12,'11B',310560000000012),(2779,'2013-01-11 17:34:00',4106,1,33000153,310,560,5,1000,12,'11B',310560000000012),(2780,'2013-01-11 17:34:00',4125,0,33000153,310,560,5,1000,24,'11B',310560000000012),(2781,'2013-01-11 17:30:00',4098,1,33000253,240,21,5,1000,1,'11B',240210000000013),(2782,'2013-01-11 17:30:00',4097,1,33000253,240,21,5,1000,10,'11B',240210000000013),(2783,'2013-01-11 17:30:00',4106,1,33000253,240,21,5,1000,12,'11B',240210000000013),(2784,'2013-01-11 17:30:00',4125,0,33000253,240,21,5,1000,24,'11B',240210000000013),(2785,'2013-01-11 17:31:00',4098,1,21060800,344,930,5,1000,1,'11B',344930000000011),(2786,'2013-01-11 17:31:00',4097,1,21060800,344,930,5,1000,13,'11B',344930000000011),(2787,'2013-01-11 17:31:00',4106,1,21060800,344,930,5,1000,12,'11B',344930000000011),(2788,'2013-01-11 17:31:00',4125,0,21060800,344,930,5,1000,24,'11B',344930000000011),(2789,'2013-01-11 17:32:00',4098,1,33000153,310,560,5,1000,1,'11B',310560000000012),(2790,'2013-01-11 17:32:00',4097,1,33000153,310,560,5,1000,12,'11B',310560000000012),(2791,'2013-01-11 17:32:00',4106,1,33000153,310,560,5,1000,12,'11B',310560000000012),(2792,'2013-01-11 17:32:00',4125,0,33000153,310,560,5,1000,24,'11B',310560000000012),(2793,'2013-01-11 17:33:00',4098,1,33000253,240,21,5,1000,1,'11B',240210000000013),(2794,'2013-01-11 17:33:00',4097,1,33000253,240,21,5,1000,11,'11B',240210000000013),(2795,'2013-01-11 17:33:00',4106,1,33000253,240,21,5,1000,12,'11B',240210000000013),(2796,'2013-01-11 17:33:00',4125,0,33000253,240,21,5,1000,24,'11B',240210000000013),(2797,'2013-01-11 17:34:00',4098,1,21060800,344,930,5,1000,1,'11B',344930000000011),(2798,'2013-01-11 17:34:00',4097,1,21060800,344,930,5,1000,13,'11B',344930000000011),(2799,'2013-01-11 17:34:00',4106,1,21060800,344,930,5,1000,12,'11B',344930000000011),(2800,'2013-01-11 17:34:00',4125,0,21060800,344,930,5,1000,24,'11B',344930000000011),(2801,'2013-01-11 17:35:00',4098,1,21060800,344,930,5,1000,1,'11B',344930000000011),(2802,'2013-01-11 17:35:00',4097,1,21060800,344,930,5,1000,9,'11B',344930000000011),(2803,'2013-01-11 17:35:00',4106,1,21060800,344,930,5,1000,12,'11B',344930000000011),(2804,'2013-01-11 17:35:00',4125,0,21060800,344,930,5,1000,24,'11B',344930000000011),(2805,'2013-01-11 17:36:00',4098,1,33000153,310,560,5,1000,1,'11B',310560000000012),(2806,'2013-01-11 17:36:00',4097,1,33000153,310,560,5,1000,9,'11B',310560000000012),(2807,'2013-01-11 17:36:00',4106,1,33000153,310,560,5,1000,12,'11B',310560000000012),(2808,'2013-01-11 17:36:00',4125,0,33000153,310,560,5,1000,24,'11B',310560000000012),(2809,'2013-01-11 17:37:00',4098,1,33000253,240,21,5,1000,1,'11B',240210000000013),(2810,'2013-01-11 17:37:00',4097,1,33000253,240,21,5,1000,13,'11B',240210000000013),(2811,'2013-01-11 17:37:00',4106,1,33000253,240,21,5,1000,12,'11B',240210000000013),(2812,'2013-01-11 17:37:00',4125,0,33000253,240,21,5,1000,24,'11B',240210000000013),(2813,'2013-01-11 17:38:00',4098,1,21060800,344,930,5,1000,1,'11B',344930000000011),(2814,'2013-01-11 17:38:00',4097,1,21060800,344,930,5,1000,12,'11B',344930000000011),(2815,'2013-01-11 17:38:00',4106,1,21060800,344,930,5,1000,12,'11B',344930000000011),(2816,'2013-01-11 17:38:00',4125,0,21060800,344,930,5,1000,24,'11B',344930000000011),(2817,'2013-01-11 17:39:00',4098,1,33000153,310,560,5,1000,1,'11B',310560000000012),(2818,'2013-01-11 17:39:00',4097,1,33000153,310,560,5,1000,9,'11B',310560000000012),(2819,'2013-01-11 17:39:00',4106,1,33000153,310,560,5,1000,12,'11B',310560000000012),(2820,'2013-01-11 17:39:00',4125,0,33000153,310,560,5,1000,24,'11B',310560000000012),(2821,'2013-01-11 17:35:00',4098,1,33000253,240,21,5,1000,1,'11B',240210000000013),(2822,'2013-01-11 17:35:00',4097,1,33000253,240,21,5,1000,13,'11B',240210000000013),(2823,'2013-01-11 17:35:00',4106,1,33000253,240,21,5,1000,12,'11B',240210000000013),(2824,'2013-01-11 17:35:00',4125,0,33000253,240,21,5,1000,25,'11B',240210000000013),(2825,'2013-01-11 17:36:00',4098,1,21060800,344,930,5,1000,1,'11B',344930000000011),(2826,'2013-01-11 17:36:00',4097,1,21060800,344,930,5,1000,10,'11B',344930000000011),(2827,'2013-01-11 17:36:00',4106,1,21060800,344,930,5,1000,12,'11B',344930000000011),(2828,'2013-01-11 17:36:00',4125,0,21060800,344,930,5,1000,25,'11B',344930000000011),(2829,'2013-01-11 17:37:00',4098,1,33000153,310,560,5,1000,1,'11B',310560000000012),(2830,'2013-01-11 17:37:00',4097,1,33000153,310,560,5,1000,10,'11B',310560000000012),(2831,'2013-01-11 17:37:00',4106,1,33000153,310,560,5,1000,12,'11B',310560000000012),(2832,'2013-01-11 17:37:00',4125,0,33000153,310,560,5,1000,25,'11B',310560000000012),(2833,'2013-01-11 17:38:00',4098,1,33000253,240,21,5,1000,1,'11B',240210000000013),(2834,'2013-01-11 17:38:00',4097,1,33000253,240,21,5,1000,10,'11B',240210000000013),(2835,'2013-01-11 17:38:00',4106,1,33000253,240,21,5,1000,12,'11B',240210000000013),(2836,'2013-01-11 17:38:00',4125,0,33000253,240,21,5,1000,25,'11B',240210000000013),(2837,'2013-01-11 17:39:00',4098,1,21060800,344,930,5,1000,1,'11B',344930000000011),(2838,'2013-01-11 17:39:00',4097,1,21060800,344,930,5,1000,11,'11B',344930000000011),(2839,'2013-01-11 17:39:00',4106,1,21060800,344,930,5,1000,12,'11B',344930000000011),(2840,'2013-01-11 17:39:00',4125,0,21060800,344,930,5,1000,25,'11B',344930000000011),(2841,'2013-01-11 17:15:00',4098,1,21060800,344,930,3842,1000,1,'11B',344930000000011),(2842,'2013-01-11 17:15:00',4097,1,21060800,344,930,3842,1000,9,'11B',344930000000011),(2843,'2013-01-11 17:15:00',4106,1,21060800,344,930,3842,1000,12,'11B',344930000000011),(2844,'2013-01-11 17:15:00',4125,0,21060800,344,930,3842,1000,25,'11B',344930000000011),(2845,'2013-01-11 17:16:00',4098,1,33000153,310,560,3842,1000,1,'11B',310560000000012),(2846,'2013-01-11 17:16:00',4097,1,33000153,310,560,3842,1000,11,'11B',310560000000012),(2847,'2013-01-11 17:16:00',4106,1,33000153,310,560,3842,1000,12,'11B',310560000000012),(2848,'2013-01-11 17:16:00',4125,0,33000153,310,560,3842,1000,25,'11B',310560000000012),(2849,'2013-01-11 17:17:00',4098,1,33000253,240,21,3842,1000,1,'11B',240210000000013),(2850,'2013-01-11 17:17:00',4097,1,33000253,240,21,3842,1000,10,'11B',240210000000013),(2851,'2013-01-11 17:17:00',4106,1,33000253,240,21,3842,1000,12,'11B',240210000000013),(2852,'2013-01-11 17:17:00',4125,0,33000253,240,21,3842,1000,25,'11B',240210000000013),(2853,'2013-01-11 17:18:00',4098,1,21060800,344,930,3842,1000,1,'11B',344930000000011),(2854,'2013-01-11 17:18:00',4097,1,21060800,344,930,3842,1000,9,'11B',344930000000011),(2855,'2013-01-11 17:18:00',4106,1,21060800,344,930,3842,1000,12,'11B',344930000000011),(2856,'2013-01-11 17:18:00',4125,0,21060800,344,930,3842,1000,25,'11B',344930000000011),(2857,'2013-01-11 17:19:00',4098,1,33000153,310,560,3842,1000,1,'11B',310560000000012),(2858,'2013-01-11 17:19:00',4097,1,33000153,310,560,3842,1000,13,'11B',310560000000012),(2859,'2013-01-11 17:19:00',4106,1,33000153,310,560,3842,1000,12,'11B',310560000000012),(2860,'2013-01-11 17:19:00',4125,0,33000153,310,560,3842,1000,25,'11B',310560000000012),(2861,'2013-01-11 17:15:00',4098,1,33000253,240,21,3842,1000,1,'11B',240210000000013),(2862,'2013-01-11 17:15:00',4097,1,33000253,240,21,3842,1000,11,'11B',240210000000013),(2863,'2013-01-11 17:15:00',4106,1,33000253,240,21,3842,1000,12,'11B',240210000000013),(2864,'2013-01-11 17:15:00',4125,0,33000253,240,21,3842,1000,25,'11B',240210000000013),(2865,'2013-01-11 17:16:00',4098,1,21060800,344,930,3842,1000,1,'11B',344930000000011),(2866,'2013-01-11 17:16:00',4097,1,21060800,344,930,3842,1000,9,'11B',344930000000011),(2867,'2013-01-11 17:16:00',4106,1,21060800,344,930,3842,1000,12,'11B',344930000000011),(2868,'2013-01-11 17:16:00',4125,0,21060800,344,930,3842,1000,25,'11B',344930000000011),(2869,'2013-01-11 17:17:00',4098,1,33000153,310,560,3842,1000,1,'11B',310560000000012),(2870,'2013-01-11 17:17:00',4097,1,33000153,310,560,3842,1000,10,'11B',310560000000012),(2871,'2013-01-11 17:17:00',4106,1,33000153,310,560,3842,1000,12,'11B',310560000000012),(2872,'2013-01-11 17:17:00',4125,0,33000153,310,560,3842,1000,25,'11B',310560000000012),(2873,'2013-01-11 17:18:00',4098,1,33000253,240,21,3842,1000,1,'11B',240210000000013),(2874,'2013-01-11 17:18:00',4097,1,33000253,240,21,3842,1000,10,'11B',240210000000013),(2875,'2013-01-11 17:18:00',4106,1,33000253,240,21,3842,1000,12,'11B',240210000000013),(2876,'2013-01-11 17:18:00',4125,0,33000253,240,21,3842,1000,25,'11B',240210000000013),(2877,'2013-01-11 17:19:00',4098,1,21060800,344,930,3842,1000,1,'11B',344930000000011),(2878,'2013-01-11 17:19:00',4097,1,21060800,344,930,3842,1000,10,'11B',344930000000011),(2879,'2013-01-11 17:19:00',4106,1,21060800,344,930,3842,1000,12,'11B',344930000000011),(2880,'2013-01-11 17:19:00',4125,0,21060800,344,930,3842,1000,25,'11B',344930000000011),(2881,'2013-01-11 17:20:00',4098,1,21060800,344,930,3842,1000,1,'11B',344930000000011),(2882,'2013-01-11 17:20:00',4097,1,21060800,344,930,3842,1000,13,'11B',344930000000011),(2883,'2013-01-11 17:20:00',4106,1,21060800,344,930,3842,1000,12,'11B',344930000000011),(2884,'2013-01-11 17:20:00',4125,0,21060800,344,930,3842,1000,25,'11B',344930000000011),(2885,'2013-01-11 17:21:00',4098,1,33000153,310,560,3842,1000,1,'11B',310560000000012),(2886,'2013-01-11 17:21:00',4097,1,33000153,310,560,3842,1000,13,'11B',310560000000012),(2887,'2013-01-11 17:21:00',4106,1,33000153,310,560,3842,1000,12,'11B',310560000000012),(2888,'2013-01-11 17:21:00',4125,0,33000153,310,560,3842,1000,25,'11B',310560000000012),(2889,'2013-01-11 17:22:00',4098,1,33000253,240,21,3842,1000,1,'11B',240210000000013),(2890,'2013-01-11 17:22:00',4097,1,33000253,240,21,3842,1000,9,'11B',240210000000013),(2891,'2013-01-11 17:22:00',4106,1,33000253,240,21,3842,1000,12,'11B',240210000000013),(2892,'2013-01-11 17:22:00',4125,0,33000253,240,21,3842,1000,25,'11B',240210000000013),(2893,'2013-01-11 17:23:00',4098,1,21060800,344,930,3842,1000,1,'11B',344930000000011),(2894,'2013-01-11 17:23:00',4097,1,21060800,344,930,3842,1000,9,'11B',344930000000011),(2895,'2013-01-11 17:23:00',4106,1,21060800,344,930,3842,1000,12,'11B',344930000000011),(2896,'2013-01-11 17:23:00',4125,0,21060800,344,930,3842,1000,25,'11B',344930000000011),(2897,'2013-01-11 17:24:00',4098,1,33000153,310,560,3842,1000,1,'11B',310560000000012),(2898,'2013-01-11 17:24:00',4097,1,33000153,310,560,3842,1000,11,'11B',310560000000012),(2899,'2013-01-11 17:24:00',4106,1,33000153,310,560,3842,1000,12,'11B',310560000000012),(2900,'2013-01-11 17:24:00',4125,0,33000153,310,560,3842,1000,25,'11B',310560000000012),(2901,'2013-01-11 17:20:00',4098,1,33000253,240,21,3842,1000,1,'11B',240210000000013),(2902,'2013-01-11 17:20:00',4097,1,33000253,240,21,3842,1000,13,'11B',240210000000013),(2903,'2013-01-11 17:20:00',4106,1,33000253,240,21,3842,1000,12,'11B',240210000000013),(2904,'2013-01-11 17:20:00',4125,0,33000253,240,21,3842,1000,25,'11B',240210000000013),(2905,'2013-01-11 17:21:00',4098,1,21060800,344,930,3842,1000,1,'11B',344930000000011),(2906,'2013-01-11 17:21:00',4097,1,21060800,344,930,3842,1000,13,'11B',344930000000011),(2907,'2013-01-11 17:21:00',4106,1,21060800,344,930,3842,1000,12,'11B',344930000000011),(2908,'2013-01-11 17:21:00',4125,0,21060800,344,930,3842,1000,25,'11B',344930000000011),(2909,'2013-01-11 17:22:00',4098,1,33000153,310,560,3842,1000,1,'11B',310560000000012),(2910,'2013-01-11 17:22:00',4097,1,33000153,310,560,3842,1000,9,'11B',310560000000012),(2911,'2013-01-11 17:22:00',4106,1,33000153,310,560,3842,1000,12,'11B',310560000000012),(2912,'2013-01-11 17:22:00',4125,0,33000153,310,560,3842,1000,25,'11B',310560000000012),(2913,'2013-01-11 17:23:00',4098,1,33000253,240,21,3842,1000,1,'11B',240210000000013),(2914,'2013-01-11 17:23:00',4097,1,33000253,240,21,3842,1000,10,'11B',240210000000013),(2915,'2013-01-11 17:23:00',4106,1,33000253,240,21,3842,1000,12,'11B',240210000000013),(2916,'2013-01-11 17:23:00',4125,0,33000253,240,21,3842,1000,25,'11B',240210000000013),(2917,'2013-01-11 17:24:00',4098,1,21060800,344,930,3842,1000,1,'11B',344930000000011),(2918,'2013-01-11 17:24:00',4097,1,21060800,344,930,3842,1000,12,'11B',344930000000011),(2919,'2013-01-11 17:24:00',4106,1,21060800,344,930,3842,1000,12,'11B',344930000000011),(2920,'2013-01-11 17:24:00',4125,0,21060800,344,930,3842,1000,25,'11B',344930000000011),(2921,'2013-01-11 17:25:00',4098,1,21060800,344,930,3842,1000,1,'11B',344930000000011),(2922,'2013-01-11 17:25:00',4097,1,21060800,344,930,3842,1000,10,'11B',344930000000011),(2923,'2013-01-11 17:25:00',4106,1,21060800,344,930,3842,1000,12,'11B',344930000000011),(2924,'2013-01-11 17:25:00',4125,0,21060800,344,930,3842,1000,25,'11B',344930000000011),(2925,'2013-01-11 17:26:00',4098,1,33000153,310,560,3842,1000,1,'11B',310560000000012),(2926,'2013-01-11 17:26:00',4097,1,33000153,310,560,3842,1000,11,'11B',310560000000012),(2927,'2013-01-11 17:26:00',4106,1,33000153,310,560,3842,1000,12,'11B',310560000000012),(2928,'2013-01-11 17:26:00',4125,0,33000153,310,560,3842,1000,25,'11B',310560000000012),(2929,'2013-01-11 17:27:00',4098,1,33000253,240,21,3842,1000,1,'11B',240210000000013),(2930,'2013-01-11 17:27:00',4097,1,33000253,240,21,3842,1000,11,'11B',240210000000013),(2931,'2013-01-11 17:27:00',4106,1,33000253,240,21,3842,1000,12,'11B',240210000000013),(2932,'2013-01-11 17:27:00',4125,0,33000253,240,21,3842,1000,25,'11B',240210000000013),(2933,'2013-01-11 17:28:00',4098,1,21060800,344,930,3842,1000,1,'11B',344930000000011),(2934,'2013-01-11 17:28:00',4097,1,21060800,344,930,3842,1000,12,'11B',344930000000011),(2935,'2013-01-11 17:28:00',4106,1,21060800,344,930,3842,1000,12,'11B',344930000000011),(2936,'2013-01-11 17:28:00',4125,0,21060800,344,930,3842,1000,25,'11B',344930000000011),(2937,'2013-01-11 17:29:00',4098,1,33000153,310,560,3842,1000,1,'11B',310560000000012),(2938,'2013-01-11 17:29:00',4097,1,33000153,310,560,3842,1000,9,'11B',310560000000012),(2939,'2013-01-11 17:29:00',4106,1,33000153,310,560,3842,1000,12,'11B',310560000000012),(2940,'2013-01-11 17:29:00',4125,0,33000153,310,560,3842,1000,25,'11B',310560000000012),(2941,'2013-01-11 17:25:00',4098,1,33000253,240,21,3842,1000,1,'11B',240210000000013),(2942,'2013-01-11 17:25:00',4097,1,33000253,240,21,3842,1000,13,'11B',240210000000013),(2943,'2013-01-11 17:25:00',4106,1,33000253,240,21,3842,1000,12,'11B',240210000000013),(2944,'2013-01-11 17:25:00',4125,0,33000253,240,21,3842,1000,25,'11B',240210000000013),(2945,'2013-01-11 17:26:00',4098,1,21060800,344,930,3842,1000,1,'11B',344930000000011),(2946,'2013-01-11 17:26:00',4097,1,21060800,344,930,3842,1000,10,'11B',344930000000011),(2947,'2013-01-11 17:26:00',4106,1,21060800,344,930,3842,1000,12,'11B',344930000000011),(2948,'2013-01-11 17:26:00',4125,0,21060800,344,930,3842,1000,25,'11B',344930000000011),(2949,'2013-01-11 17:27:00',4098,1,33000153,310,560,3842,1000,1,'11B',310560000000012),(2950,'2013-01-11 17:27:00',4097,1,33000153,310,560,3842,1000,10,'11B',310560000000012),(2951,'2013-01-11 17:27:00',4106,1,33000153,310,560,3842,1000,12,'11B',310560000000012),(2952,'2013-01-11 17:27:00',4125,0,33000153,310,560,3842,1000,25,'11B',310560000000012),(2953,'2013-01-11 17:28:00',4098,1,33000253,240,21,3842,1000,1,'11B',240210000000013),(2954,'2013-01-11 17:28:00',4097,1,33000253,240,21,3842,1000,10,'11B',240210000000013),(2955,'2013-01-11 17:28:00',4106,1,33000253,240,21,3842,1000,12,'11B',240210000000013),(2956,'2013-01-11 17:28:00',4125,0,33000253,240,21,3842,1000,25,'11B',240210000000013),(2957,'2013-01-11 17:29:00',4098,1,21060800,344,930,3842,1000,1,'11B',344930000000011),(2958,'2013-01-11 17:29:00',4097,1,21060800,344,930,3842,1000,11,'11B',344930000000011),(2959,'2013-01-11 17:29:00',4106,1,21060800,344,930,3842,1000,12,'11B',344930000000011),(2960,'2013-01-11 17:29:00',4125,0,21060800,344,930,3842,1000,25,'11B',344930000000011),(2961,'2013-01-11 17:30:00',4098,1,21060800,344,930,3842,1000,1,'11B',344930000000011),(2962,'2013-01-11 17:30:00',4097,1,21060800,344,930,3842,1000,9,'11B',344930000000011),(2963,'2013-01-11 17:30:00',4106,1,21060800,344,930,3842,1000,12,'11B',344930000000011),(2964,'2013-01-11 17:30:00',4125,0,21060800,344,930,3842,1000,25,'11B',344930000000011),(2965,'2013-01-11 17:31:00',4098,1,33000153,310,560,3842,1000,1,'11B',310560000000012),(2966,'2013-01-11 17:31:00',4097,1,33000153,310,560,3842,1000,9,'11B',310560000000012),(2967,'2013-01-11 17:31:00',4106,1,33000153,310,560,3842,1000,12,'11B',310560000000012),(2968,'2013-01-11 17:31:00',4125,0,33000153,310,560,3842,1000,25,'11B',310560000000012),(2969,'2013-01-11 17:32:00',4098,1,33000253,240,21,3842,1000,1,'11B',240210000000013),(2970,'2013-01-11 17:32:00',4097,1,33000253,240,21,3842,1000,11,'11B',240210000000013),(2971,'2013-01-11 17:32:00',4106,1,33000253,240,21,3842,1000,12,'11B',240210000000013),(2972,'2013-01-11 17:32:00',4125,0,33000253,240,21,3842,1000,25,'11B',240210000000013),(2973,'2013-01-11 17:33:00',4098,1,21060800,344,930,3842,1000,1,'11B',344930000000011),(2974,'2013-01-11 17:33:00',4097,1,21060800,344,930,3842,1000,9,'11B',344930000000011),(2975,'2013-01-11 17:33:00',4106,1,21060800,344,930,3842,1000,12,'11B',344930000000011),(2976,'2013-01-11 17:33:00',4125,0,21060800,344,930,3842,1000,25,'11B',344930000000011),(2977,'2013-01-11 17:34:00',4098,1,33000153,310,560,3842,1000,1,'11B',310560000000012),(2978,'2013-01-11 17:34:00',4097,1,33000153,310,560,3842,1000,9,'11B',310560000000012),(2979,'2013-01-11 17:34:00',4106,1,33000153,310,560,3842,1000,12,'11B',310560000000012),(2980,'2013-01-11 17:34:00',4125,0,33000153,310,560,3842,1000,25,'11B',310560000000012),(2981,'2013-01-11 17:30:00',4098,1,33000253,240,21,3842,1000,1,'11B',240210000000013),(2982,'2013-01-11 17:30:00',4097,1,33000253,240,21,3842,1000,12,'11B',240210000000013),(2983,'2013-01-11 17:30:00',4106,1,33000253,240,21,3842,1000,12,'11B',240210000000013),(2984,'2013-01-11 17:30:00',4125,0,33000253,240,21,3842,1000,25,'11B',240210000000013),(2985,'2013-01-11 17:31:00',4098,1,21060800,344,930,3842,1000,1,'11B',344930000000011),(2986,'2013-01-11 17:31:00',4097,1,21060800,344,930,3842,1000,11,'11B',344930000000011),(2987,'2013-01-11 17:31:00',4106,1,21060800,344,930,3842,1000,12,'11B',344930000000011),(2988,'2013-01-11 17:31:00',4125,0,21060800,344,930,3842,1000,25,'11B',344930000000011),(2989,'2013-01-11 17:32:00',4098,1,33000153,310,560,3842,1000,1,'11B',310560000000012),(2990,'2013-01-11 17:32:00',4097,1,33000153,310,560,3842,1000,12,'11B',310560000000012),(2991,'2013-01-11 17:32:00',4106,1,33000153,310,560,3842,1000,12,'11B',310560000000012),(2992,'2013-01-11 17:32:00',4125,0,33000153,310,560,3842,1000,25,'11B',310560000000012),(2993,'2013-01-11 17:33:00',4098,1,33000253,240,21,3842,1000,1,'11B',240210000000013),(2994,'2013-01-11 17:33:00',4097,1,33000253,240,21,3842,1000,11,'11B',240210000000013),(2995,'2013-01-11 17:33:00',4106,1,33000253,240,21,3842,1000,12,'11B',240210000000013),(2996,'2013-01-11 17:33:00',4125,0,33000253,240,21,3842,1000,25,'11B',240210000000013),(2997,'2013-01-11 17:34:00',4098,1,21060800,344,930,3842,1000,1,'11B',344930000000011),(2998,'2013-01-11 17:34:00',4097,1,21060800,344,930,3842,1000,11,'11B',344930000000011),(2999,'2013-01-11 17:34:00',4106,1,21060800,344,930,3842,1000,12,'11B',344930000000011),(3000,'2013-01-11 17:34:00',4125,0,21060800,344,930,3842,1000,25,'11B',344930000000011),(3001,'2013-01-11 17:35:00',4098,1,21060800,344,930,3842,1000,1,'11B',344930000000011),(3002,'2013-01-11 17:35:00',4097,1,21060800,344,930,3842,1000,12,'11B',344930000000011),(3003,'2013-01-11 17:35:00',4106,1,21060800,344,930,3842,1000,12,'11B',344930000000011),(3004,'2013-01-11 17:35:00',4125,0,21060800,344,930,3842,1000,25,'11B',344930000000011),(3005,'2013-01-11 17:36:00',4098,1,33000153,310,560,3842,1000,1,'11B',310560000000012),(3006,'2013-01-11 17:36:00',4097,1,33000153,310,560,3842,1000,9,'11B',310560000000012),(3007,'2013-01-11 17:36:00',4106,1,33000153,310,560,3842,1000,12,'11B',310560000000012),(3008,'2013-01-11 17:36:00',4125,0,33000153,310,560,3842,1000,25,'11B',310560000000012),(3009,'2013-01-11 17:37:00',4098,1,33000253,240,21,3842,1000,1,'11B',240210000000013),(3010,'2013-01-11 17:37:00',4097,1,33000253,240,21,3842,1000,9,'11B',240210000000013),(3011,'2013-01-11 17:37:00',4106,1,33000253,240,21,3842,1000,12,'11B',240210000000013),(3012,'2013-01-11 17:37:00',4125,0,33000253,240,21,3842,1000,25,'11B',240210000000013),(3013,'2013-01-11 17:38:00',4098,1,21060800,344,930,3842,1000,1,'11B',344930000000011),(3014,'2013-01-11 17:38:00',4097,1,21060800,344,930,3842,1000,10,'11B',344930000000011),(3015,'2013-01-11 17:38:00',4106,1,21060800,344,930,3842,1000,12,'11B',344930000000011),(3016,'2013-01-11 17:38:00',4125,0,21060800,344,930,3842,1000,25,'11B',344930000000011),(3017,'2013-01-11 17:39:00',4098,1,33000153,310,560,3842,1000,1,'11B',310560000000012),(3018,'2013-01-11 17:39:00',4097,1,33000153,310,560,3842,1000,13,'11B',310560000000012),(3019,'2013-01-11 17:39:00',4106,1,33000153,310,560,3842,1000,12,'11B',310560000000012),(3020,'2013-01-11 17:39:00',4125,0,33000153,310,560,3842,1000,25,'11B',310560000000012),(3021,'2013-01-11 17:35:00',4098,1,33000253,240,21,3842,1000,1,'11B',240210000000013),(3022,'2013-01-11 17:35:00',4097,1,33000253,240,21,3842,1000,12,'11B',240210000000013),(3023,'2013-01-11 17:35:00',4106,1,33000253,240,21,3842,1000,13,'11B',240210000000013),(3024,'2013-01-11 17:35:00',4125,0,33000253,240,21,3842,1000,25,'11B',240210000000013),(3025,'2013-01-11 17:36:00',4098,1,21060800,344,930,3842,1000,1,'11B',344930000000011),(3026,'2013-01-11 17:36:00',4097,1,21060800,344,930,3842,1000,12,'11B',344930000000011),(3027,'2013-01-11 17:36:00',4106,1,21060800,344,930,3842,1000,13,'11B',344930000000011),(3028,'2013-01-11 17:36:00',4125,0,21060800,344,930,3842,1000,25,'11B',344930000000011),(3029,'2013-01-11 17:37:00',4098,1,33000153,310,560,3842,1000,1,'11B',310560000000012),(3030,'2013-01-11 17:37:00',4097,1,33000153,310,560,3842,1000,12,'11B',310560000000012),(3031,'2013-01-11 17:37:00',4106,1,33000153,310,560,3842,1000,13,'11B',310560000000012),(3032,'2013-01-11 17:37:00',4125,0,33000153,310,560,3842,1000,25,'11B',310560000000012),(3033,'2013-01-11 17:38:00',4098,1,33000253,240,21,3842,1000,1,'11B',240210000000013),(3034,'2013-01-11 17:38:00',4097,1,33000253,240,21,3842,1000,10,'11B',240210000000013),(3035,'2013-01-11 17:38:00',4106,1,33000253,240,21,3842,1000,13,'11B',240210000000013),(3036,'2013-01-11 17:38:00',4125,0,33000253,240,21,3842,1000,25,'11B',240210000000013),(3037,'2013-01-11 17:39:00',4098,1,21060800,344,930,3842,1000,1,'11B',344930000000011),(3038,'2013-01-11 17:39:00',4097,1,21060800,344,930,3842,1000,12,'11B',344930000000011),(3039,'2013-01-11 17:39:00',4106,1,21060800,344,930,3842,1000,13,'11B',344930000000011),(3040,'2013-01-11 17:39:00',4125,0,21060800,344,930,3842,1000,25,'11B',344930000000011),(3041,'2013-01-11 17:15:00',4098,1,21060800,344,930,4,1000,1,'12A',344930000000001),(3042,'2013-01-11 17:15:00',4097,1,21060800,344,930,4,1000,0,'12A',344930000000001),(3043,'2013-01-11 17:15:00',4106,1,21060800,344,930,4,1000,13,'12A',344930000000001),(3044,'2013-01-11 17:15:00',4125,2,21060800,344,930,4,1000,25,'12A',344930000000001),(3045,'2013-01-11 17:16:00',4098,1,33000153,310,560,4,1000,1,'12A',310560000000002),(3046,'2013-01-11 17:16:00',4097,1,33000153,310,560,4,1000,0,'12A',310560000000002),(3047,'2013-01-11 17:16:00',4106,1,33000153,310,560,4,1000,13,'12A',310560000000002),(3048,'2013-01-11 17:16:00',4125,2,33000153,310,560,4,1000,25,'12A',310560000000002),(3049,'2013-01-11 17:17:00',4098,1,33000253,240,21,4,1000,1,'12A',240210000000003),(3050,'2013-01-11 17:17:00',4097,1,33000253,240,21,4,1000,0,'12A',240210000000003),(3051,'2013-01-11 17:17:00',4106,1,33000253,240,21,4,1000,13,'12A',240210000000003),(3052,'2013-01-11 17:17:00',4125,2,33000253,240,21,4,1000,26,'12A',240210000000003),(3053,'2013-01-11 17:18:00',4098,1,21060800,344,930,4,1000,1,'12A',344930000000001),(3054,'2013-01-11 17:18:00',4097,1,21060800,344,930,4,1000,0,'12A',344930000000001),(3055,'2013-01-11 17:18:00',4106,1,21060800,344,930,4,1000,13,'12A',344930000000001),(3056,'2013-01-11 17:18:00',4125,2,21060800,344,930,4,1000,26,'12A',344930000000001),(3057,'2013-01-11 17:19:00',4098,1,33000153,310,560,4,1000,1,'12A',310560000000002),(3058,'2013-01-11 17:19:00',4097,1,33000153,310,560,4,1000,0,'12A',310560000000002),(3059,'2013-01-11 17:19:00',4106,1,33000153,310,560,4,1000,13,'12A',310560000000002),(3060,'2013-01-11 17:19:00',4125,2,33000153,310,560,4,1000,26,'12A',310560000000002),(3061,'2013-01-11 17:15:00',4098,1,33000253,240,21,4,1000,2,'12A',240210000000003),(3062,'2013-01-11 17:15:00',4097,1,33000253,240,21,4,1000,0,'12A',240210000000003),(3063,'2013-01-11 17:15:00',4106,1,33000253,240,21,4,1000,13,'12A',240210000000003),(3064,'2013-01-11 17:15:00',4125,2,33000253,240,21,4,1000,26,'12A',240210000000003),(3065,'2013-01-11 17:16:00',4098,1,21060800,344,930,4,1000,2,'12A',344930000000001),(3066,'2013-01-11 17:16:00',4097,1,21060800,344,930,4,1000,0,'12A',344930000000001),(3067,'2013-01-11 17:16:00',4106,1,21060800,344,930,4,1000,13,'12A',344930000000001),(3068,'2013-01-11 17:16:00',4125,2,21060800,344,930,4,1000,26,'12A',344930000000001),(3069,'2013-01-11 17:17:00',4098,1,33000153,310,560,4,1000,2,'12A',310560000000002),(3070,'2013-01-11 17:17:00',4097,1,33000153,310,560,4,1000,0,'12A',310560000000002),(3071,'2013-01-11 17:17:00',4106,1,33000153,310,560,4,1000,13,'12A',310560000000002),(3072,'2013-01-11 17:17:00',4125,2,33000153,310,560,4,1000,26,'12A',310560000000002),(3073,'2013-01-11 17:18:00',4098,1,33000253,240,21,4,1000,2,'12A',240210000000003),(3074,'2013-01-11 17:18:00',4097,1,33000253,240,21,4,1000,0,'12A',240210000000003),(3075,'2013-01-11 17:18:00',4106,1,33000253,240,21,4,1000,13,'12A',240210000000003),(3076,'2013-01-11 17:18:00',4125,2,33000253,240,21,4,1000,26,'12A',240210000000003),(3077,'2013-01-11 17:19:00',4098,1,21060800,344,930,4,1000,2,'12A',344930000000001),(3078,'2013-01-11 17:19:00',4097,1,21060800,344,930,4,1000,0,'12A',344930000000001),(3079,'2013-01-11 17:19:00',4106,1,21060800,344,930,4,1000,13,'12A',344930000000001),(3080,'2013-01-11 17:19:00',4125,2,21060800,344,930,4,1000,26,'12A',344930000000001),(3081,'2013-01-11 17:20:00',4098,1,21060800,344,930,4,1000,2,'12A',344930000000001),(3082,'2013-01-11 17:20:00',4097,1,21060800,344,930,4,1000,0,'12A',344930000000001),(3083,'2013-01-11 17:20:00',4106,1,21060800,344,930,4,1000,13,'12A',344930000000001),(3084,'2013-01-11 17:20:00',4125,2,21060800,344,930,4,1000,26,'12A',344930000000001),(3085,'2013-01-11 17:21:00',4098,1,33000153,310,560,4,1000,2,'12A',310560000000002),(3086,'2013-01-11 17:21:00',4097,1,33000153,310,560,4,1000,0,'12A',310560000000002),(3087,'2013-01-11 17:21:00',4106,1,33000153,310,560,4,1000,13,'12A',310560000000002),(3088,'2013-01-11 17:21:00',4125,2,33000153,310,560,4,1000,26,'12A',310560000000002),(3089,'2013-01-11 17:22:00',4098,1,33000253,240,21,4,1000,2,'12A',240210000000003),(3090,'2013-01-11 17:22:00',4097,1,33000253,240,21,4,1000,0,'12A',240210000000003),(3091,'2013-01-11 17:22:00',4106,1,33000253,240,21,4,1000,13,'12A',240210000000003),(3092,'2013-01-11 17:22:00',4125,2,33000253,240,21,4,1000,26,'12A',240210000000003),(3093,'2013-01-11 17:23:00',4098,1,21060800,344,930,4,1000,2,'12A',344930000000001),(3094,'2013-01-11 17:23:00',4097,1,21060800,344,930,4,1000,0,'12A',344930000000001),(3095,'2013-01-11 17:23:00',4106,1,21060800,344,930,4,1000,13,'12A',344930000000001),(3096,'2013-01-11 17:23:00',4125,2,21060800,344,930,4,1000,26,'12A',344930000000001),(3097,'2013-01-11 17:24:00',4098,1,33000153,310,560,4,1000,2,'12A',310560000000002),(3098,'2013-01-11 17:24:00',4097,1,33000153,310,560,4,1000,0,'12A',310560000000002),(3099,'2013-01-11 17:24:00',4106,1,33000153,310,560,4,1000,13,'12A',310560000000002),(3100,'2013-01-11 17:24:00',4125,2,33000153,310,560,4,1000,26,'12A',310560000000002),(3101,'2013-01-11 17:20:00',4098,1,33000253,240,21,4,1000,2,'12A',240210000000003),(3102,'2013-01-11 17:20:00',4097,1,33000253,240,21,4,1000,0,'12A',240210000000003),(3103,'2013-01-11 17:20:00',4106,1,33000253,240,21,4,1000,13,'12A',240210000000003),(3104,'2013-01-11 17:20:00',4125,2,33000253,240,21,4,1000,26,'12A',240210000000003),(3105,'2013-01-11 17:21:00',4098,1,21060800,344,930,4,1000,2,'12A',344930000000001),(3106,'2013-01-11 17:21:00',4097,1,21060800,344,930,4,1000,0,'12A',344930000000001),(3107,'2013-01-11 17:21:00',4106,1,21060800,344,930,4,1000,13,'12A',344930000000001),(3108,'2013-01-11 17:21:00',4125,2,21060800,344,930,4,1000,26,'12A',344930000000001),(3109,'2013-01-11 17:22:00',4098,1,33000153,310,560,4,1000,2,'12A',310560000000002),(3110,'2013-01-11 17:22:00',4097,1,33000153,310,560,4,1000,0,'12A',310560000000002),(3111,'2013-01-11 17:22:00',4106,1,33000153,310,560,4,1000,13,'12A',310560000000002),(3112,'2013-01-11 17:22:00',4125,2,33000153,310,560,4,1000,26,'12A',310560000000002),(3113,'2013-01-11 17:23:00',4098,1,33000253,240,21,4,1000,2,'12A',240210000000003),(3114,'2013-01-11 17:23:00',4097,1,33000253,240,21,4,1000,0,'12A',240210000000003),(3115,'2013-01-11 17:23:00',4106,1,33000253,240,21,4,1000,13,'12A',240210000000003),(3116,'2013-01-11 17:23:00',4125,2,33000253,240,21,4,1000,26,'12A',240210000000003),(3117,'2013-01-11 17:24:00',4098,1,21060800,344,930,4,1000,2,'12A',344930000000001),(3118,'2013-01-11 17:24:00',4097,1,21060800,344,930,4,1000,0,'12A',344930000000001),(3119,'2013-01-11 17:24:00',4106,1,21060800,344,930,4,1000,13,'12A',344930000000001),(3120,'2013-01-11 17:24:00',4125,2,21060800,344,930,4,1000,26,'12A',344930000000001),(3121,'2013-01-11 17:25:00',4098,1,21060800,344,930,4,1000,2,'12A',344930000000001),(3122,'2013-01-11 17:25:00',4097,1,21060800,344,930,4,1000,0,'12A',344930000000001),(3123,'2013-01-11 17:25:00',4106,1,21060800,344,930,4,1000,13,'12A',344930000000001),(3124,'2013-01-11 17:25:00',4125,2,21060800,344,930,4,1000,26,'12A',344930000000001),(3125,'2013-01-11 17:26:00',4098,1,33000153,310,560,4,1000,2,'12A',310560000000002),(3126,'2013-01-11 17:26:00',4097,1,33000153,310,560,4,1000,0,'12A',310560000000002),(3127,'2013-01-11 17:26:00',4106,1,33000153,310,560,4,1000,13,'12A',310560000000002),(3128,'2013-01-11 17:26:00',4125,2,33000153,310,560,4,1000,26,'12A',310560000000002),(3129,'2013-01-11 17:27:00',4098,1,33000253,240,21,4,1000,2,'12A',240210000000003),(3130,'2013-01-11 17:27:00',4097,1,33000253,240,21,4,1000,0,'12A',240210000000003),(3131,'2013-01-11 17:27:00',4106,1,33000253,240,21,4,1000,13,'12A',240210000000003),(3132,'2013-01-11 17:27:00',4125,2,33000253,240,21,4,1000,26,'12A',240210000000003),(3133,'2013-01-11 17:28:00',4098,1,21060800,344,930,4,1000,2,'12A',344930000000001),(3134,'2013-01-11 17:28:00',4097,1,21060800,344,930,4,1000,0,'12A',344930000000001),(3135,'2013-01-11 17:28:00',4106,1,21060800,344,930,4,1000,13,'12A',344930000000001),(3136,'2013-01-11 17:28:00',4125,2,21060800,344,930,4,1000,26,'12A',344930000000001),(3137,'2013-01-11 17:29:00',4098,1,33000153,310,560,4,1000,2,'12A',310560000000002),(3138,'2013-01-11 17:29:00',4097,1,33000153,310,560,4,1000,0,'12A',310560000000002),(3139,'2013-01-11 17:29:00',4106,1,33000153,310,560,4,1000,13,'12A',310560000000002),(3140,'2013-01-11 17:29:00',4125,2,33000153,310,560,4,1000,26,'12A',310560000000002),(3141,'2013-01-11 17:25:00',4098,1,33000253,240,21,4,1000,2,'12A',240210000000003),(3142,'2013-01-11 17:25:00',4097,1,33000253,240,21,4,1000,0,'12A',240210000000003),(3143,'2013-01-11 17:25:00',4106,1,33000253,240,21,4,1000,13,'12A',240210000000003),(3144,'2013-01-11 17:25:00',4125,2,33000253,240,21,4,1000,26,'12A',240210000000003),(3145,'2013-01-11 17:26:00',4098,1,21060800,344,930,4,1000,2,'12A',344930000000001),(3146,'2013-01-11 17:26:00',4097,1,21060800,344,930,4,1000,0,'12A',344930000000001),(3147,'2013-01-11 17:26:00',4106,1,21060800,344,930,4,1000,13,'12A',344930000000001),(3148,'2013-01-11 17:26:00',4125,2,21060800,344,930,4,1000,26,'12A',344930000000001),(3149,'2013-01-11 17:27:00',4098,1,33000153,310,560,4,1000,2,'12A',310560000000002),(3150,'2013-01-11 17:27:00',4097,1,33000153,310,560,4,1000,0,'12A',310560000000002),(3151,'2013-01-11 17:27:00',4106,1,33000153,310,560,4,1000,13,'12A',310560000000002),(3152,'2013-01-11 17:27:00',4125,2,33000153,310,560,4,1000,26,'12A',310560000000002),(3153,'2013-01-11 17:28:00',4098,1,33000253,240,21,4,1000,2,'12A',240210000000003),(3154,'2013-01-11 17:28:00',4097,1,33000253,240,21,4,1000,0,'12A',240210000000003),(3155,'2013-01-11 17:28:00',4106,1,33000253,240,21,4,1000,13,'12A',240210000000003),(3156,'2013-01-11 17:28:00',4125,2,33000253,240,21,4,1000,26,'12A',240210000000003),(3157,'2013-01-11 17:29:00',4098,1,21060800,344,930,4,1000,2,'12A',344930000000001),(3158,'2013-01-11 17:29:00',4097,1,21060800,344,930,4,1000,0,'12A',344930000000001),(3159,'2013-01-11 17:29:00',4106,1,21060800,344,930,4,1000,13,'12A',344930000000001),(3160,'2013-01-11 17:29:00',4125,2,21060800,344,930,4,1000,26,'12A',344930000000001),(3161,'2013-01-11 17:30:00',4098,1,21060800,344,930,4,1000,2,'12A',344930000000001),(3162,'2013-01-11 17:30:00',4097,1,21060800,344,930,4,1000,0,'12A',344930000000001),(3163,'2013-01-11 17:30:00',4106,1,21060800,344,930,4,1000,13,'12A',344930000000001),(3164,'2013-01-11 17:30:00',4125,2,21060800,344,930,4,1000,26,'12A',344930000000001),(3165,'2013-01-11 17:31:00',4098,1,33000153,310,560,4,1000,2,'12A',310560000000002),(3166,'2013-01-11 17:31:00',4097,1,33000153,310,560,4,1000,0,'12A',310560000000002),(3167,'2013-01-11 17:31:00',4106,1,33000153,310,560,4,1000,13,'12A',310560000000002),(3168,'2013-01-11 17:31:00',4125,2,33000153,310,560,4,1000,26,'12A',310560000000002),(3169,'2013-01-11 17:32:00',4098,1,33000253,240,21,4,1000,2,'12A',240210000000003),(3170,'2013-01-11 17:32:00',4097,1,33000253,240,21,4,1000,0,'12A',240210000000003),(3171,'2013-01-11 17:32:00',4106,1,33000253,240,21,4,1000,13,'12A',240210000000003),(3172,'2013-01-11 17:32:00',4125,2,33000253,240,21,4,1000,26,'12A',240210000000003),(3173,'2013-01-11 17:33:00',4098,1,21060800,344,930,4,1000,2,'12A',344930000000001),(3174,'2013-01-11 17:33:00',4097,1,21060800,344,930,4,1000,0,'12A',344930000000001),(3175,'2013-01-11 17:33:00',4106,1,21060800,344,930,4,1000,13,'12A',344930000000001),(3176,'2013-01-11 17:33:00',4125,2,21060800,344,930,4,1000,26,'12A',344930000000001),(3177,'2013-01-11 17:34:00',4098,1,33000153,310,560,4,1000,2,'12A',310560000000002),(3178,'2013-01-11 17:34:00',4097,1,33000153,310,560,4,1000,0,'12A',310560000000002),(3179,'2013-01-11 17:34:00',4106,1,33000153,310,560,4,1000,13,'12A',310560000000002),(3180,'2013-01-11 17:34:00',4125,2,33000153,310,560,4,1000,26,'12A',310560000000002),(3181,'2013-01-11 17:30:00',4098,1,33000253,240,21,4,1000,2,'12A',240210000000003),(3182,'2013-01-11 17:30:00',4097,1,33000253,240,21,4,1000,0,'12A',240210000000003),(3183,'2013-01-11 17:30:00',4106,1,33000253,240,21,4,1000,13,'12A',240210000000003),(3184,'2013-01-11 17:30:00',4125,2,33000253,240,21,4,1000,26,'12A',240210000000003),(3185,'2013-01-11 17:31:00',4098,1,21060800,344,930,4,1000,2,'12A',344930000000001),(3186,'2013-01-11 17:31:00',4097,1,21060800,344,930,4,1000,0,'12A',344930000000001),(3187,'2013-01-11 17:31:00',4106,1,21060800,344,930,4,1000,13,'12A',344930000000001),(3188,'2013-01-11 17:31:00',4125,2,21060800,344,930,4,1000,26,'12A',344930000000001),(3189,'2013-01-11 17:32:00',4098,1,33000153,310,560,4,1000,2,'12A',310560000000002),(3190,'2013-01-11 17:32:00',4097,1,33000153,310,560,4,1000,0,'12A',310560000000002),(3191,'2013-01-11 17:32:00',4106,1,33000153,310,560,4,1000,14,'12A',310560000000002),(3192,'2013-01-11 17:32:00',4125,2,33000153,310,560,4,1000,26,'12A',310560000000002),(3193,'2013-01-11 17:33:00',4098,1,33000253,240,21,4,1000,2,'12A',240210000000003),(3194,'2013-01-11 17:33:00',4097,1,33000253,240,21,4,1000,0,'12A',240210000000003),(3195,'2013-01-11 17:33:00',4106,1,33000253,240,21,4,1000,14,'12A',240210000000003),(3196,'2013-01-11 17:33:00',4125,2,33000253,240,21,4,1000,26,'12A',240210000000003),(3197,'2013-01-11 17:34:00',4098,1,21060800,344,930,4,1000,2,'12A',344930000000001),(3198,'2013-01-11 17:34:00',4097,1,21060800,344,930,4,1000,0,'12A',344930000000001),(3199,'2013-01-11 17:34:00',4106,1,21060800,344,930,4,1000,14,'12A',344930000000001),(3200,'2013-01-11 17:34:00',4125,2,21060800,344,930,4,1000,27,'12A',344930000000001);
/*!40000 ALTER TABLE `failure_events` ENABLE KEYS */;
UNLOCK TABLES;

--
-- Table structure for table `mcc_mnc`
--

DROP TABLE IF EXISTS `mcc_mnc`;
/*!40101 SET @saved_cs_client     = @@character_set_client */;
/*!40101 SET character_set_client = utf8 */;
CREATE TABLE `mcc_mnc` (
  `mcc` int(11) NOT NULL,
  `mnc` int(11) NOT NULL,
  `country` varchar(100) NOT NULL,
  `operator` varchar(255) NOT NULL,
  PRIMARY KEY (`mcc`,`mnc`)
) ENGINE=InnoDB DEFAULT CHARSET=utf8;
/*!40101 SET character_set_client = @saved_cs_client */;

--
-- Dumping data for table `mcc_mnc`
--

LOCK TABLES `mcc_mnc` WRITE;
/*!40000 ALTER TABLE `mcc_mnc` DISABLE KEYS */;
INSERT INTO `mcc_mnc` VALUES (238,1,'Denmark','TDC-DK'),(238,2,'Denmark','Sonofon DK '),(238,3,'Denmark','MIGway A/S DK '),(240,1,'Sweden','Telia Sonera-SE'),(240,2,'Sweden','H3G-SE'),(240,3,'Sweden','AINMT Sverige AB SE '),(240,20,'Sweden','iMEZ AB SE '),(240,21,'Sweden','Banverket SE '),(302,36,'Canada','Clearnet CA '),(302,37,'Canada','Microcell CA '),(302,62,'Canada','Ice Wireless CA '),(302,63,'Canada','Aliant Mobility CA '),(310,10,'United States of America','Verizon Wireless'),(310,12,'United States of America','Verizon Wireless'),(310,13,'United States of America','Verizon Wireless'),(310,540,'United States of America','Oklahoma Western Telephone Company US '),(310,550,'United States of America','Wireless Solutions International US '),(310,560,'United States of America','AT&T Mobility'),(310,570,'United States of America','MTPCS LLC US '),(310,580,'United States of America','Inland Cellular Telephone Company US '),(310,590,'United States of America','Verizon Wireless'),(340,1,'Guadeloupe-France','Orange-Caraibe'),(340,2,'Guadeloupe-France','Outremer Telecom GP '),(340,3,'Guadeloupe-France','Saint Martin et Saint Barthelemy Telcell Sarl GP '),(344,30,'Antigua and Barbuda','APUA PCS AG '),(344,920,'Antigua and Barbuda','Cable & Wireless-Antigua AG '),(344,930,'Antigua and Barbuda','AT&T Wireless-Antigua AG '),(405,0,'India','Shyam Telelink Ltd-Rajasthan IN '),(405,1,'India','Reliance Infocomm-IN'),(405,3,'India','Reliance Infocomm-IN'),(405,4,'India','Reliance Infocomm-IN'),(405,5,'India','Reliance Infocomm-IN'),(440,9,'Japan','NTT DoCoMo'),(440,10,'Japan','NTT DoCoMo'),(440,11,'Japan','NTT DoCoMo'),(505,62,'Australia','NBNCo Ltd AU '),(505,68,'Australia','NBNCo Ltd AU '),(505,71,'Australia','Telstra'),(505,72,'Australia','Telstra'),(505,88,'Australia','Localstar Holding Pty. Ltd. AU '),(505,90,'Australia','Optus Ltd. AU ');
/*!40000 ALTER TABLE `mcc_mnc` ENABLE KEYS */;
UNLOCK TABLES;

--
-- Table structure for table `ue_types`
--

DROP TABLE IF EXISTS `ue_types`;
/*!40101 SET @saved_cs_client     = @@character_set_client */;
/*!40101 SET character_set_client = utf8 */;
CREATE TABLE `ue_types` (
  `tac` int(11) NOT NULL,
  `marketting_name` varchar(45) NOT NULL,
  `manufacture` varchar(45) NOT NULL,
  `access_capability` varchar(250) NOT NULL,
  `model` varchar(45) NOT NULL,
  `vendor_name` varchar(100) NOT NULL,
  `ue_type` varchar(45) DEFAULT NULL,
  `os` varchar(45) DEFAULT NULL,
  `input_mode` varchar(45) DEFAULT NULL,
  PRIMARY KEY (`tac`)
) ENGINE=InnoDB DEFAULT CHARSET=utf8;
/*!40101 SET character_set_client = @saved_cs_client */;

--
-- Dumping data for table `ue_types`
--

LOCK TABLES `ue_types` WRITE;
/*!40000 ALTER TABLE `ue_types` DISABLE KEYS */;
INSERT INTO `ue_types` VALUES (100100,'G410','Mitsubishi','GSM 1800, GSM 900','G410','Mitsubishi','','',''),(100200,'A53','Siemens','GSM 1900, GSM850 (GSM800)','A53','Siemens','HANDHELD','(null)','BASIC'),(100300,'TBD (AAB-1880030-BV)','Sony Ericsson','GSM 1900, GSM850 (GSM800)','TBD (AAB-1880030-BV)','Sony Ericsson','HANDHELD','(null)','(null)'),(100400,'RM-669','Nokia','GSM 1900, GSM850 (GSM800)','RM-669','Nokia','(null)','(null)','(null)'),(100500,'M930 NA DB','Motorola','GSM 1900, GSM850 (GSM800)','M930 NA DB','Motorola','HANDHELD','(null)','(null)'),(100600,'EBX700','Panasonic','GSM 1800, GSM 1900, GSM 900','EBX700','Panasonic','(null)','(null)','(null)'),(100700,'Test IMEI','Sagem','GSM 1900','Test IMEI','Sagem','(null)','(null)','(null)'),(100800,'TCD718','Philips','GSM 1900','TCD718','Philips','(null)','(null)','(null)'),(100900,'Test IMEI','Sony','GSM 1900','Test IMEI','Sony','(null)','(null)','(null)'),(101000,'Test IMEI','Casio Hitachi Mobile Communications','GSM 1900','Test IMEI','Casio Hitachi Mobile Communications','(null)','(null)','(null)'),(101300,'LMU','Nortel','GSM 1900','LMU','Nortel','(null)','(null)','(null)'),(101500,'GX-28','Sharp','GSM 1800, GSM 1900, GSM850 (GSM800)','GX-28','Sharp','HANDHELD','(null)','(null)'),(101600,'ALCATEL OT-807A','TCT Mobile Suzhou Limited','GSM 1900, GSM850 (GSM800)','ALCATEL OT-807A','TCT Mobile Suzhou Limited','(null)','(null)','(null)'),(101700,'Wireless CPU Q2687','Wavecom','GSM 1800, GSM 1900, GSM 900, GSM850 (GSM800)','Wireless CPU Q2687','Wavecom','M2M','(null)','(null)'),(101710,'WMO2-g1900','Wavecom','GSM 1900','WMO2-g1900','Wavecom','M2M','(null)','(null)'),(101800,'Ovation MC547','Novatel Wireless','GSM 1800, GSM 1900, GSM 900, GSM850 (GSM800), WCDMA FDD Band I, WCDMA FDD Band II, WCDMA FDD Band V','Ovation MC547','Novatel Wireless','PC','(null)','(null)'),(102000,'RAP40GW','RIM','GSM 1800, GSM 900','RAP40GW','RIM','HANDHELD','BLACKBERRY','QWERTY'),(102100,'MX-5010','Shintom Co. Ltd','GSM 1800, GSM 1900, GSM 900','MX-5010','Shintom Co. Ltd','(null)','(null)','(null)'),(102200,'Zoarmon','Intel','GSM 1800, GSM 1900, GSM 900, GSM850 (GSM800)','Zoarmon','Intel','(null)','(null)','(null)'),(102300,'SGH-t829','Samsung','GSM 1800, GSM 1900, GSM 900, GSM850 (GSM800)','SGH-t829','Samsung','HANDHELD','(null)','(null)'),(102400,'Telguard 5 (TG5)','Telular Corp','GSM 1900, GSM850 (GSM800)','Telguard 5 (TG5)','Telular Corp','(null)','(null)','(null)'),(102500,'Fizgig','Option NV','GSM 1800, GSM 1900, GSM 900','Fizgig','Option NV','(null)','(null)','(null)'),(102600,'KMP6J1S1-6','NEC','GSM 1800, GSM 1900, GSM 900','KMP6J1S1-6','NEC','(null)','(null)','(null)'),(102700,'USB316','Sierra Wireless','GSM 1800, GSM 1900, GSM 900, GSM850 (GSM800), WCDMA FDD Band I, WCDMA FDD Band II','USB316','Sierra Wireless','PC','(null)','(null)'),(102800,'U1','Danger Inc.','GSM 1800, GSM 1900, GSM 900, GSM850 (GSM800)','U1','Danger Inc.','(null)','(null)','(null)'),(102900,'Ferry','Quanta Computer','GSM 1900','Ferry','Quanta Computer','(null)','(null)','(null)'),(103000,'700C','Intermec Technologies Corp.','GSM 1800, GSM 1900, GSM 900','700C','Intermec Technologies Corp.','(null)','(null)','(null)'),(103100,'K1','Sendo Ltd','GSM 1900, GSM850 (GSM800)','K1','Sendo Ltd','(null)','(null)','(null)'),(103200,'7525 Workabout pro','Psion Teklogix Inc.','GSM 1800, GSM 1900, GSM 900','7525 Workabout pro','Psion Teklogix Inc.','(null)','(null)','(null)'),(103300,'Benefon Track Box','benefon oyj','GSM 1900, GSM 900','Benefon Track Box','benefon oyj','(null)','(null)','(null)'),(103500,'AD600','LG','GSM 1800, GSM 1900, GSM 900, GSM850 (GSM800), WCDMA FDD Band I, WCDMA FDD Band II, WCDMA FDD Band V','AD600','LG','HANDHELD','(null)','(null)'),(103600,'GSM5108','Enfora','GPRS','GSM5108','Enfora','M2M','(null)','(null)'),(103700,'TM3000-C ATD','Trimble','GSM 1800, GSM 1900, GSM 900, GSM850 (GSM800)','TM3000-C ATD','Trimble','(null)','(null)','(null)'),(103800,'G1000','Sanyo','GSM 1800, GSM 1900, GSM 900','G1000','Sanyo','(null)','(null)','(null)'),(103900,'AGM 1100','Accetio, Inc.','GSM 1800, GSM 1900, GSM 900','AGM 1100','Accetio, Inc.','(null)','(null)','(null)'),(104100,'ITH155/MGH900','Mirae Comm Co Ltd','GSM 1800, GSM 1900, GSM 900','ITH155/MGH900','Mirae Comm Co Ltd','(null)','(null)','(null)'),(104200,'CF-29/CF-18/CF-73/CF-P1','Matsushita','GSM 1800, GSM 1900, GSM850 (GSM800)','CF-29/CF-18/CF-73/CF-P1','Matsushita','(null)','(null)','(null)'),(104400,'H6xxx','Compal Com.inc','GSM 1800, GSM 1900, GSM 900, GSM850 (GSM800)','H6xxx','Compal Com.inc','(null)','(null)','(null)'),(104500,'Artema Mobile Secure GPRS','Thales e-Transactions GmbH','GSM 1900, GSM850 (GSM800)','Artema Mobile Secure GPRS','Thales e-Transactions GmbH','(null)','(null)','(null)'),(104600,'TS34','Toshiba','GSM 1800, GSM 900','TS34','Toshiba','(null)','(null)','(null)'),(104700,'PLD','PowerLOC Technologies Inc.','GSM 1900, GSM850 (GSM800)','PLD','PowerLOC Technologies Inc.','(null)','(null)','(null)'),(104800,'1000-1146','Arbitron','GSM 1800, GSM 900','1000-1146','Arbitron','(null)','(null)','(null)'),(105000,'GU-1000','Curitel Communications. Inc.','GSM 1800, GSM 1900, GSM 900','GU-1000','Curitel Communications. Inc.','(null)','(null)','(null)'),(105200,'VK530','VK Corporation','GSM 1900, GSM850 (GSM800)','VK530','VK Corporation','(null)','(null)','(null)'),(105300,'BM3-891G GPRS OEM Modem','Wavenet Technology','GPRS','BM3-891G GPRS OEM Modem','Wavenet Technology','M2M','(null)','(null)'),(105400,'P7','Qingdao Haier Telecom','GSM 1800, GSM 1900, GSM 900','P7','Qingdao Haier Telecom','(null)','(null)','(null)'),(105500,'PLD100 series','Destinator Technologies','GSM 1800, GSM 1900, GSM 900, GSM850 (GSM800)','PLD100 series','Destinator Technologies','(null)','(null)','(null)'),(105600,'Jembi','Psitek','GSM 1900, GSM850 (GSM800)','Jembi','Psitek','(null)','(null)','(null)'),(105700,'U-300','Telian','GSM 1800, GSM 1900, GSM 900','U-300','Telian','(null)','(null)','(null)'),(105900,'DM1000G','Waxess Inc','GSM 1900, GSM850 (GSM800)','DM1000G','Waxess Inc','(null)','(null)','(null)'),(106200,'SM5100B','Spreadtrum','GSM 1900, GSM850 (GSM800)','SM5100B','Spreadtrum','M2M','(null)','(null)'),(106400,'Debussy','CMCS','GSM 1800, GSM 1900, GSM 900, GSM850 (GSM800)','Debussy','CMCS','(null)','(null)','(null)'),(106500,'GX820','CalAmp','GSM 1900, GSM850 (GSM800)','GX820','CalAmp','(null)','(null)','(null)'),(106600,'WRTU54G','Cisco Systems','GSM 1800, GSM 900','WRTU54G','Cisco Systems','(null)','(null)','(null)'),(106700,'whereQube201','Geometris','GSM 1800, GSM 1900, GSM850 (GSM800)','whereQube201','Geometris','(null)','(null)','(null)'),(106900,'R100','Firefly Mobile','GSM 1900, GSM850 (GSM800)','R100','Firefly Mobile','(null)','(null)','(null)'),(107100,'Dolphin 9900','Handheld Products, Inc d/b/a HHP','GSM 1800, GSM 1900, GSM 900, GSM850 (GSM800)','Dolphin 9900','Handheld Products, Inc d/b/a HHP','(null)','(null)','(null)'),(107200,'Test IMEI','Apple','GSM 1800, GSM 1900, GSM 900, GSM850 (GSM800)','Test IMEI','Apple','(null)','IOS','TOUCH_SCREEN'),(107400,'Nurit 8020','VeriFone','GSM 1800, GSM 1900, GSM 900, GSM850 (GSM800)','Nurit 8020','VeriFone','(null)','(null)','(null)'),(107600,'SN-LSb-02','Savi Networks','GSM 1800, GSM 1900, GSM 900, GSM850 (GSM800), WCDMA FDD Band I, WCDMA FDD Band II, WCDMA FDD Band V','SN-LSb-02','Savi Networks','(null)','(null)','(null)'),(107700,'IMM6071-M01','InterDigital','GSM 1800, GSM 1900, GSM 900, GSM850 (GSM800), WCDMA FDD Band I, WCDMA FDD Band II, WCDMA FDD Band IV, WCDMA FDD Band V','IMM6071-M01','InterDigital','(null)','(null)','(null)'),(107800,'247910','Garmin International','GSM 1800, GSM 1900, GSM 900, GSM850 (GSM800)','247910','Garmin International','(null)','(null)','(null)'),(107900,'Machine Gateway','Phoenix International','GSM 1800, GSM 1900, GSM 900, GSM850 (GSM800)','Machine Gateway','Phoenix International','(null)','(null)','(null)'),(108000,'XP3300-AR1 (P25C005AA)','Sonim Technologies','GSM 1800, GSM 1900, GSM 900, GSM850 (GSM800)','XP3300-AR1 (P25C005AA)','Sonim Technologies','(null)','(null)','(null)'),(108100,'TSN-1.1','Elektrobit Inc','GSM 1800, GSM 1900, GSM 900, GSM850 (GSM800), WCDMA FDD Band II, WCDMA FDD Band V','TSN-1.1','Elektrobit Inc','(null)','(null)','(null)'),(108200,'Dolphin 10K','Honeywell','GSM 1800, GSM 1900, GSM 900, GSM850 (GSM800), WCDMA FDD Band I, WCDMA FDD Band II, WCDMA FDD Band V','Dolphin 10K','Honeywell','(null)','(null)','(null)'),(108300,'WWH9010','Askey Computer Corp','GSM 1800, GSM 1900, GSM 900, GSM850 (GSM800), WCDMA FDD Band I, WCDMA FDD Band II, WCDMA FDD Band V','WWH9010','Askey Computer Corp','(null)','(null)','(null)'),(108400,'Gobi3000','Qualcomm','GSM 1800, GSM 1900, GSM 900, GSM850 (GSM800), WCDMA FDD Band I, WCDMA FDD Band II, WCDMA FDD Band IV, WCDMA FDD Band V, WCDMA FDD Band VIII','Gobi3000','Qualcomm','PC','(null)','(null)'),(116000,'Test IMEI','Omnipoint','GSM 1900','Test IMEI','Omnipoint','(null)','(null)','(null)'),(21060800,'VEA3','S.A.R.L. B  & B International','GSM 1800, GSM 900','VEA3','S.A.R.L. B  & B International','(null)','(null)','(null)'),(33000153,'9109 PA','Alcatel Radiotelephone (LAVAL)','GSM 900','9109 PA','Alcatel Radiotelephone (LAVAL)','(null)','(null)','(null)'),(33000253,'Dirland Miniphone','Alcatel Radiotelephone (LAVAL)','GSM 900','Dirland Miniphone','Alcatel Radiotelephone (LAVAL)','(null)','(null)','(null)'),(33000353,'9109PA','Alcatel Radiotelephone','GSM 900','9109PA','Alcatel Radiotelephone','(null)','(null)','(null)'),(33000453,'Lisa 9030 Type 9109H','Alcatel Radiotelephone (LAVAL)','GSM 900','Lisa 9030 Type 9109H','Alcatel Radiotelephone (LAVAL)','(null)','(null)','(null)'),(33000553,'Dirland Mobiphone','Alcatel Radiotelephone (LAVAL)','GSM 900','Dirland Mobiphone','Alcatel Radiotelephone (LAVAL)','(null)','(null)','(null)'),(33000635,'Mitsubishi GSM MT-1000F02A','Mitsubishi Electric France','GSM 900','Mitsubishi GSM MT-1000F02A','Mitsubishi Electric France','(null)','(null)','(null)'),(33000753,'Audiovox Type GSM 510','Alcatel Radiotelephone (LAVAL)','GSM 900','Audiovox Type GSM 510','Alcatel Radiotelephone (LAVAL)','(null)','(null)','(null)'),(33000853,'Dirland Type Miniphone III','Alcatel Radiotelephone (LAVAL)','GSM 900','Dirland Type Miniphone III','Alcatel Radiotelephone (LAVAL)','(null)','(null)','(null)'),(33000953,'GSM 510 Type Audiovox HB 160','Alcatel Radiotelephone (LAVAL)','GSM 900','GSM 510 Type Audiovox HB 160','Alcatel Radiotelephone (LAVAL)','(null)','(null)','(null)'),(33001053,'Vodafone VN 2121','Alcatel Radiotelephone (LAVAL)','GSM 900','Vodafone VN 2121','Alcatel Radiotelephone (LAVAL)','(null)','(null)','(null)'),(33001195,'Sagem Type G 14','Sagem','GSM 900','Sagem Type G 14','Sagem','(null)','(null)','(null)'),(33001235,'RC410/430 Type G14-1','Sagem','GSM 900','RC410/430 Type G14-1','Sagem','(null)','(null)','(null)'),(33001295,'RC410/430 Type G14-1','Sagem','GSM 900','RC410/430 Type G14-1','Sagem','(null)','(null)','(null)'),(33001453,'Pocketline Tango Type NPTT HC 400','Alcatel Radiotelephone (LAVAL)','GSM 900','Pocketline Tango Type NPTT HC 400','Alcatel Radiotelephone (LAVAL)','(null)','(null)','(null)'),(33001553,'Alcatel Airtel HC 600 Type Airtel HC 600','Alcatel Radiotelephone (LAVAL)','GSM 900','Alcatel Airtel HC 600 Type Airtel HC 600','Alcatel Radiotelephone (LAVAL)','(null)','(null)','(null)'),(33001635,'Affinity/Affinity 930 Type G14-S','Sagem','GSM 900','Affinity/Affinity 930 Type G14-S','Sagem','(null)','(null)','(null)'),(33001695,'Affinity/Affinity 930 Type G14-S','Sagem','GSM 900','Affinity/Affinity 930 Type G14-S','Sagem','(null)','(null)','(null)'),(33001735,'Mitsubishi GSM MT 20 Type MT 1171FD2','Mitsubishi Electric France','GSM 900','Mitsubishi GSM MT 20 Type MT 1171FD2','Mitsubishi Electric France','(null)','(null)','(null)'),(33001835,'Mitsubishi GSM MT 10 Type MT 1176F02','Mitsubishi Electric France','GSM 900','Mitsubishi GSM MT 10 Type MT 1176F02','Mitsubishi Electric France','(null)','(null)','(null)'),(33001953,'Alcatel 9100 Type 9109 HC 500','Alcatel Radiotelephone (LAVAL)','GSM 900','Alcatel 9100 Type 9109 HC 500','Alcatel Radiotelephone (LAVAL)','(null)','(null)','(null)'),(33002053,'Alcatel 9100 Type 9109 HC 800','Alcatel Radiotelephone (LAVAL)','GSM 900','Alcatel 9100 Type 9109 HC 800','Alcatel Radiotelephone (LAVAL)','(null)','(null)','(null)'),(33002135,'Detewe CP-ONE Type G14.1','Sagem','GSM 900','Detewe CP-ONE Type G14.1','Sagem','(null)','(null)','(null)'),(33002195,'Detewe CP-ONE Type G14.1','Sagem','GSM 900','Detewe CP-ONE Type G14.1','Sagem','(null)','(null)','(null)'),(33002235,'RM 833-/S/R Type G14-S','Sagem','GSM 900','RM 833-/S/R Type G14-S','Sagem','(null)','(null)','(null)'),(33002295,'RM 833-/S/R Type G14-S','Sagem','GSM 900','RM 833-/S/R Type G14-S','Sagem','(null)','(null)','(null)'),(33002499,'SGH 200','Samsung','GSM 900','SGH 200','Samsung','HANDHELD','(null)','(null)'),(33002535,'Mitsubishi GSM MT11 Type MT 1177 F02A','Mitsubishi Electric France','GSM 900','Mitsubishi GSM MT11 Type MT 1177 F02A','Mitsubishi Electric France','(null)','(null)','(null)'),(33002635,'Mitsubishi GSM MT20 D Type MT 1172 F02A','Mitsubishi Electric France','GSM 900','Mitsubishi GSM MT20 D Type MT 1172 F02A','Mitsubishi Electric France','(null)','(null)','(null)');
/*!40000 ALTER TABLE `ue_types` ENABLE KEYS */;
UNLOCK TABLES;
/*!40103 SET TIME_ZONE=@OLD_TIME_ZONE */;

/*!40101 SET SQL_MODE=@OLD_SQL_MODE */;
/*!40014 SET FOREIGN_KEY_CHECKS=@OLD_FOREIGN_KEY_CHECKS */;
/*!40014 SET UNIQUE_CHECKS=@OLD_UNIQUE_CHECKS */;
/*!40101 SET CHARACTER_SET_CLIENT=@OLD_CHARACTER_SET_CLIENT */;
/*!40101 SET CHARACTER_SET_RESULTS=@OLD_CHARACTER_SET_RESULTS */;
/*!40101 SET COLLATION_CONNECTION=@OLD_COLLATION_CONNECTION */;
/*!40111 SET SQL_NOTES=@OLD_SQL_NOTES */;

-- Dump completed on 2017-02-08 15:32:13
